{
   "type": "FeatureCollection",
   "features": [
  {
    "type": "Feature",
    "geometry": {
       "type": "Point",
       "coordinates":  [ 121.637324,25.220908 ]
    },
    "properties": {
    "藥局名稱":"仁又堂藥局",
    "電話":"02-24982468",
    "地址":"新北市金山區信義路１７號"
    }
  },
  {
    "type": "Feature",
    "geometry": {
       "type": "Point",
       "coordinates":  [ 121.637611,25.221504 ]
    },
    "properties": {
    "藥局名稱":"裕發藥局",
    "電話":"02-24982213",
    "地址":"新北市金山區中山路２１９號"
    }
  },
  {
    "type": "Feature",
    "geometry": {
       "type": "Point",
       "coordinates":  [ 121.456216,252127500.0 ]
    },
    "properties": {
    "藥局名稱":"柏元藥局",
    "電話":"02-29665768",
    "地址":"新北市板橋區新生街２５號"
    }
  },
  {
    "type": "Feature",
    "geometry": {
       "type": "Point",
       "coordinates":  [ 121.472682,252628100.0 ]
    },
    "properties": {
    "藥局名稱":"優良藥局",
    "電話":"02-22550251",
    "地址":"新北市板橋區莊敬路９３號"
    }
  },
  {
    "type": "Feature",
    "geometry": {
       "type": "Point",
       "coordinates":  [ 121.455778,250772700.0 ]
    },
    "properties": {
    "藥局名稱":"永富藥局",
    "電話":"02-29675598",
    "地址":"新北市板橋區中興路9號"
    }
  },
  {
    "type": "Feature",
    "geometry": {
       "type": "Point",
       "coordinates":  [ 121.460446,24.999654 ]
    },
    "properties": {
    "藥局名稱":"人民藥局",
    "電話":"0905012902",
    "地址":"新北市板橋區仁愛路５９號"
    }
  },
  {
    "type": "Feature",
    "geometry": {
       "type": "Point",
       "coordinates":  [ 121.457425,250990500.0 ]
    },
    "properties": {
    "藥局名稱":"慶安藥局",
    "電話":"02-29685178",
    "地址":"新北市板橋區宮口街１２號"
    }
  },
  {
    "type": "Feature",
    "geometry": {
       "type": "Point",
       "coordinates":  [ 121.482502,252837300.0 ]
    },
    "properties": {
    "藥局名稱":"紀信安藥局",
    "電話":"02-22520368",
    "地址":"新北市板橋區田單街４５號"
    }
  },
  {
    "type": "Feature",
    "geometry": {
       "type": "Point",
       "coordinates":  [ 121.459632,251422200.0 ]
    },
    "properties": {
    "藥局名稱":"穎川藥局",
    "電話":"02-29660617",
    "地址":"新北市板橋區民權路２０２巷４弄１號"
    }
  },
  {
    "type": "Feature",
    "geometry": {
       "type": "Point",
       "coordinates":  [ 121.458466,251945000.0 ]
    },
    "properties": {
    "藥局名稱":"永振藥局",
    "電話":"02-29684502",
    "地址":"新北市板橋區中正路２３６巷９０號"
    }
  },
  {
    "type": "Feature",
    "geometry": {
       "type": "Point",
       "coordinates":  [ 121.453487,250814800.0 ]
    },
    "properties": {
    "藥局名稱":"利安藥局",
    "電話":"02-29696295",
    "地址":"新北市板橋區南雅東路１０８號"
    }
  },
  {
    "type": "Feature",
    "geometry": {
       "type": "Point",
       "coordinates":  [ 121.464261,24.996586 ]
    },
    "properties": {
    "藥局名稱":"廣鑫藥局",
    "電話":"02-29623258",
    "地址":"新北市板橋區和平路２０３號"
    }
  },
  {
    "type": "Feature",
    "geometry": {
       "type": "Point",
       "coordinates":  [ 121.483695,252420400.0 ]
    },
    "properties": {
    "藥局名稱":"忠安生藥局",
    "電話":"02-29613847",
    "地址":"新北市板橋區萬安街75號1樓"
    }
  },
  {
    "type": "Feature",
    "geometry": {
       "type": "Point",
       "coordinates":  [ 121.432768,24.991171 ]
    },
    "properties": {
    "藥局名稱":"新欣藥局",
    "電話":"0935299311",
    "地址":"新北市板橋區金門街１２８號"
    }
  },
  {
    "type": "Feature",
    "geometry": {
       "type": "Point",
       "coordinates":  [ 121.459617,252666100.0 ]
    },
    "properties": {
    "藥局名稱":"振民藥局",
    "電話":"02-22572955",
    "地址":"新北市板橋區四維路２６９巷９２號"
    }
  },
  {
    "type": "Feature",
    "geometry": {
       "type": "Point",
       "coordinates":  [ 121.460768,24.998565 ]
    },
    "properties": {
    "藥局名稱":"嘉豐藥局",
    "電話":"02-29570279",
    "地址":"新北市板橋區仁愛路６２巷１５弄１６－１號"
    }
  },
  {
    "type": "Feature",
    "geometry": {
       "type": "Point",
       "coordinates":  [ 121.467455,252569200.0 ]
    },
    "properties": {
    "藥局名稱":"聖祥藥局",
    "電話":"02-22517676",
    "地址":"新北市板橋區光武街61號"
    }
  },
  {
    "type": "Feature",
    "geometry": {
       "type": "Point",
       "coordinates":  [ 121.46657,252026800.0 ]
    },
    "properties": {
    "藥局名稱":"晨恩藥局",
    "電話":"02-22573400",
    "地址":"新北市板橋區文化路一段二一六號一樓"
    }
  },
  {
    "type": "Feature",
    "geometry": {
       "type": "Point",
       "coordinates":  [ 121.476084,252061800.0 ]
    },
    "properties": {
    "藥局名稱":"家嘉藥局",
    "電話":"02-29594525",
    "地址":"新北市板橋區永豐街106號(1樓)"
    }
  },
  {
    "type": "Feature",
    "geometry": {
       "type": "Point",
       "coordinates":  [ 121.47231,252408000.0 ]
    },
    "properties": {
    "藥局名稱":"廣明藥局",
    "電話":"02-22536325",
    "地址":"新北市板橋區莒光路93號1樓"
    }
  },
  {
    "type": "Feature",
    "geometry": {
       "type": "Point",
       "coordinates":  [ 121.466327,252457500.0 ]
    },
    "properties": {
    "藥局名稱":"吉生藥局",
    "電話":"02-82529886",
    "地址":"新北市板橋區民有街9號1樓"
    }
  },
  {
    "type": "Feature",
    "geometry": {
       "type": "Point",
       "coordinates":  [ 121.450656,24.993464 ]
    },
    "properties": {
    "藥局名稱":"葆康藥局",
    "電話":"02-89678373",
    "地址":"新北市板橋區四川路2段245巷3號1樓"
    }
  },
  {
    "type": "Feature",
    "geometry": {
       "type": "Point",
       "coordinates":  [ 121.46236,25.21968000 ]
    },
    "properties": {
    "藥局名稱":"立昇藥局",
    "電話":"02-22564539",
    "地址":"新北市板橋區新海路７２巷８號"
    }
  },
  {
    "type": "Feature",
    "geometry": {
       "type": "Point",
       "coordinates":  [ 121.478748,25.15151000 ]
    },
    "properties": {
    "藥局名稱":"正成藥師藥局",
    "電話":"02-29512760",
    "地址":"新北市板橋區三民路二段１５４巷７號"
    }
  },
  {
    "type": "Feature",
    "geometry": {
       "type": "Point",
       "coordinates":  [ 121.465395,25.05167000 ]
    },
    "properties": {
    "藥局名稱":"福恩藥局",
    "電話":"02-29529126",
    "地址":"新北市板橋區實踐路９３巷３６號"
    }
  },
  {
    "type": "Feature",
    "geometry": {
       "type": "Point",
       "coordinates":  [ 121.433215,24.991713 ]
    },
    "properties": {
    "藥局名稱":"永幸藥局",
    "電話":"02-26827012",
    "地址":"新北市板橋區金門街１２１巷２號"
    }
  },
  {
    "type": "Feature",
    "geometry": {
       "type": "Point",
       "coordinates":  [ 121.456106,25.14718000 ]
    },
    "properties": {
    "藥局名稱":"啟暉藥局",
    "電話":"02-29669166",
    "地址":"新北市板橋區大智街３號"
    }
  },
  {
    "type": "Feature",
    "geometry": {
       "type": "Point",
       "coordinates":  [ 121.451913,24.996736 ]
    },
    "properties": {
    "藥局名稱":"遠東大藥局",
    "電話":"02-89664555",
    "地址":"新北市板橋區南雅南路二段１３２號"
    }
  },
  {
    "type": "Feature",
    "geometry": {
       "type": "Point",
       "coordinates":  [ 121.459066,25.096130 ]
    },
    "properties": {
    "藥局名稱":"仁耀藥局",
    "電話":"02-22755417",
    "地址":"新北市板橋區板橋大觀路２段１９巷９３號１樓"
    }
  },
  {
    "type": "Feature",
    "geometry": {
       "type": "Point",
       "coordinates":  [ 121.457027,25.16816000 ]
    },
    "properties": {
    "藥局名稱":"永固藥局",
    "電話":"02-29668051",
    "地址":"新北市板橋區建國街六號"
    }
  },
  {
    "type": "Feature",
    "geometry": {
       "type": "Point",
       "coordinates":  [ 121.426967957964,24.9902125620239 ]
    },
    "properties": {
    "藥局名稱":"同盈藥師藥局",
    "電話":"02-86873400",
    "地址":"新北市板橋區溪北路30號1樓"
    }
  },
  {
    "type": "Feature",
    "geometry": {
       "type": "Point",
       "coordinates":  [ 121.325846168974,24.9720495751163 ]
    },
    "properties": {
    "藥局名稱":"鶯歌藥局",
    "電話":"02-86778778",
    "地址":"新北市鶯歌區鶯桃路2段11號1樓"
    }
  },
  {
    "type": "Feature",
    "geometry": {
       "type": "Point",
       "coordinates":  [ 121.662873931029,25.0675291609606 ]
    },
    "properties": {
    "藥局名稱":"益嘉藥局",
    "電話":"02-86423527",
    "地址":"新北市汐止區忠孝東路245號1樓"
    }
  },
  {
    "type": "Feature",
    "geometry": {
       "type": "Point",
       "coordinates":  [ 121.437694601127,25.0851454243201 ]
    },
    "properties": {
    "藥局名稱":"明月藥局",
    "電話":"02-82956028",
    "地址":"新北市五股區工商路89號"
    }
  },
  {
    "type": "Feature",
    "geometry": {
       "type": "Point",
       "coordinates":  [ 121.437889702958,25.0836052267911 ]
    },
    "properties": {
    "藥局名稱":"源昇藥局",
    "電話":"02-82950772",
    "地址":"新北市五股區五股里成泰路2段61號2樓"
    }
  },
  {
    "type": "Feature",
    "geometry": {
       "type": "Point",
       "coordinates":  [ 121.437956024436,25.0837220466822 ]
    },
    "properties": {
    "藥局名稱":"東興藥局",
    "電話":"02-82922718",
    "地址":"新北市五股區成泰路2段69號2樓"
    }
  },
  {
    "type": "Feature",
    "geometry": {
       "type": "Point",
       "coordinates":  [ 121.434000896696,25.0892289757237 ]
    },
    "properties": {
    "藥局名稱":"祐康藥師藥局",
    "電話":"02-82921335",
    "地址":"新北市五股區五福路36號1樓"
    }
  },
  {
    "type": "Feature",
    "geometry": {
       "type": "Point",
       "coordinates":  [ 121.486336174425,25.0873129865052 ]
    },
    "properties": {
    "藥局名稱":"捷元健保藥局",
    "電話":"02-82877107",
    "地址":"新北市三重區三賢街185號1樓"
    }
  },
  {
    "type": "Feature",
    "geometry": {
       "type": "Point",
       "coordinates":  [ 121.499375203647,25.0049407588624 ]
    },
    "properties": {
    "藥局名稱":"康荃優生保健藥局",
    "電話":"02-66348688",
    "地址":"新北市中和區福祥路66號1樓"
    }
  },
  {
    "type": "Feature",
    "geometry": {
       "type": "Point",
       "coordinates":  [ 121.494371388068,25.0708303392846 ]
    },
    "properties": {
    "藥局名稱":"幸福藥妝藥局",
    "電話":"02-29896858",
    "地址":"新北市三重區正義北路342號1樓"
    }
  },
  {
    "type": "Feature",
    "geometry": {
       "type": "Point",
       "coordinates":  [ 121.483577347122,25.0622530803931 ]
    },
    "properties": {
    "藥局名稱":"兒安藥局",
    "電話":"02-29895851",
    "地址":"新北市三重區中華路59號"
    }
  },
  {
    "type": "Feature",
    "geometry": {
       "type": "Point",
       "coordinates":  [ 121.496713216335,25.0657127278376 ]
    },
    "properties": {
    "藥局名稱":"聖美膚藥局",
    "電話":"02-29863456",
    "地址":"新北市三重區正義北路130號"
    }
  },
  {
    "type": "Feature",
    "geometry": {
       "type": "Point",
       "coordinates":  [ 121.495393690027,25.0620724261721 ]
    },
    "properties": {
    "藥局名稱":"天佑藥局",
    "電話":"02-29857456",
    "地址":"新北市三重區大同北路8號1樓、10號1樓"
    }
  },
  {
    "type": "Feature",
    "geometry": {
       "type": "Point",
       "coordinates":  [ 121.490632374013,25.0689350560967 ]
    },
    "properties": {
    "藥局名稱":"欽勝藥局",
    "電話":"02-29857389",
    "地址":"新北市三重區重陽路4段6號2樓"
    }
  },
  {
    "type": "Feature",
    "geometry": {
       "type": "Point",
       "coordinates":  [ 121.4560247767,25.006620031086 ]
    },
    "properties": {
    "藥局名稱":"可安藥局",
    "電話":"02-29650131",
    "地址":"新北市板橋區南雅南路1段8-6號1樓"
    }
  },
  {
    "type": "Feature",
    "geometry": {
       "type": "Point",
       "coordinates":  [ 121.424219460356,25.0390572854767 ]
    },
    "properties": {
    "藥局名稱":"仁安藥局",
    "電話":"02-29015586",
    "地址":"新北市泰山區明志路3段174號"
    }
  },
  {
    "type": "Feature",
    "geometry": {
       "type": "Point",
       "coordinates":  [ 121.462257406928,25.0806303461791 ]
    },
    "properties": {
    "藥局名稱":"健群藥局",
    "電話":"02-28483575",
    "地址":"新北市蘆洲區中華街71號2樓"
    }
  },
  {
    "type": "Feature",
    "geometry": {
       "type": "Point",
       "coordinates":  [ 121.648209839369,25.060720191016 ]
    },
    "properties": {
    "藥局名稱":"富康東科藥局",
    "電話":"02-26969222",
    "地址":"新北市汐止區新台五路1段96號C棟1樓C15號"
    }
  },
  {
    "type": "Feature",
    "geometry": {
       "type": "Point",
       "coordinates":  [ 121.630784633718,25.0704258251072 ]
    },
    "properties": {
    "藥局名稱":"佳恩藥局",
    "電話":"02-26950714",
    "地址":"新北市汐止區民族三街7-1號1樓"
    }
  },
  {
    "type": "Feature",
    "geometry": {
       "type": "Point",
       "coordinates":  [ 121.368616334537,24.9360710794374 ]
    },
    "properties": {
    "藥局名稱":"三峽文化藥局",
    "電話":"02-26710825",
    "地址":"新北市三峽區文化路212-2號"
    }
  },
  {
    "type": "Feature",
    "geometry": {
       "type": "Point",
       "coordinates":  [ 121.631023944208,25.0549912823232 ]
    },
    "properties": {
    "藥局名稱":"健康晨光藥局",
    "電話":"02-26433111",
    "地址":"新北市汐止區大同路2段516號1樓"
    }
  },
  {
    "type": "Feature",
    "geometry": {
       "type": "Point",
       "coordinates":  [ 121.661762574954,25.0731963377446 ]
    },
    "properties": {
    "藥局名稱":"國升藥局",
    "電話":"02-26419459",
    "地址":"新北市汐止區建成路59巷1號1樓"
    }
  },
  {
    "type": "Feature",
    "geometry": {
       "type": "Point",
       "coordinates":  [ 121.40114924532,25.1480629902181 ]
    },
    "properties": {
    "藥局名稱":"逸華藥局",
    "電話":"02-26105093",
    "地址":"新北市八里區中山路2段301號"
    }
  },
  {
    "type": "Feature",
    "geometry": {
       "type": "Point",
       "coordinates":  [ 121.378187420674,25.0847619866754 ]
    },
    "properties": {
    "藥局名稱":"茂晟藥局",
    "電話":"02-26020593",
    "地址":"新北市林口區文化三路2段328號1樓"
    }
  },
  {
    "type": "Feature",
    "geometry": {
       "type": "Point",
       "coordinates":  [ 121.805480939317,25.1081867365098 ]
    },
    "properties": {
    "藥局名稱":"長興堂藥局",
    "電話":"02-24972050",
    "地址":"新北市瑞芳區明燈路3段69號1樓"
    }
  },
  {
    "type": "Feature",
    "geometry": {
       "type": "Point",
       "coordinates":  [ 121.689479516,25.1779824055 ]
    },
    "properties": {
    "藥局名稱":"北海岸藥局",
    "電話":"02-24922022",
    "地址":"新北市萬里區瑪鍊路98號"
    }
  },
  {
    "type": "Feature",
    "geometry": {
       "type": "Point",
       "coordinates":  [ 121.433540391171,25.0897272770434 ]
    },
    "properties": {
    "藥局名稱":"陽光健保藥局",
    "電話":"02-22922400",
    "地址":"新北市五股區五福路54號1樓"
    }
  },
  {
    "type": "Feature",
    "geometry": {
       "type": "Point",
       "coordinates":  [ 121.432085279606,25.0703198926704 ]
    },
    "properties": {
    "藥局名稱":"杏軒藥局",
    "電話":"02-22921193",
    "地址":"新北市五股區貿商里自強路152號1樓"
    }
  },
  {
    "type": "Feature",
    "geometry": {
       "type": "Point",
       "coordinates":  [ 121.483939141191,25.0783772945839 ]
    },
    "properties": {
    "藥局名稱":"銘泰藥局",
    "電話":"02-22876452",
    "地址":"新北市三重區三和路4段153號2樓"
    }
  },
  {
    "type": "Feature",
    "geometry": {
       "type": "Point",
       "coordinates":  [ 121.471671286296,25.0818646680626 ]
    },
    "properties": {
    "藥局名稱":"廣英藥師藥局",
    "電話":"02-22835713",
    "地址":"新北市蘆洲區中正路6號1樓"
    }
  },
  {
    "type": "Feature",
    "geometry": {
       "type": "Point",
       "coordinates":  [ 121.5173744,25.0308592 ]
    },
    "properties": {
    "藥局名稱":"南昌大藥局",
    "電話":"(02)23510322",
    "地址":"臺北市中正區南昌路一段８６號一樓"
    }
  },
  {
    "type": "Feature",
    "geometry": {
       "type": "Point",
       "coordinates":  [ 121.5135504,25.02623632 ]
    },
    "properties": {
    "藥局名稱":"仁杏藥局",
    "電話":"(02)23013621",
    "地址":"臺北市中正區汀州路一段３８４號"
    }
  },
  {
    "type": "Feature",
    "geometry": {
       "type": "Point",
       "coordinates":  [ 121.5067622,25.02999357 ]
    },
    "properties": {
    "藥局名稱":"永興藥局",
    "電話":"(02)23050986",
    "地址":"臺北市中正區汀州路一段９２巷２８號"
    }
  },
  {
    "type": "Feature",
    "geometry": {
       "type": "Point",
       "coordinates":  [ 121.5243315,25.02275147 ]
    },
    "properties": {
    "藥局名稱":"華大藥局",
    "電話":"(02)23682425",
    "地址":"臺北市中正區金門街８號"
    }
  },
  {
    "type": "Feature",
    "geometry": {
       "type": "Point",
       "coordinates":  [ 121.5237191,25.02236086 ]
    },
    "properties": {
    "藥局名稱":"怡誠藥局",
    "電話":"(02)23625100",
    "地址":"臺北市中正區汀州路二段二一二號"
    }
  },
  {
    "type": "Feature",
    "geometry": {
       "type": "Point",
       "coordinates":  [ 121.512123,25.04415718 ]
    },
    "properties": {
    "藥局名稱":"建祥武昌藥局",
    "電話":"(02)23314038",
    "地址":"臺北市中正區武昌街1段29號1樓"
    }
  },
  {
    "type": "Feature",
    "geometry": {
       "type": "Point",
       "coordinates":  [ 121.5076476,25.03025745 ]
    },
    "properties": {
    "藥局名稱":"日生大藥局",
    "電話":"(02)23031393",
    "地址":"臺北市中正區汀州路一段５３號１樓"
    }
  },
  {
    "type": "Feature",
    "geometry": {
       "type": "Point",
       "coordinates":  [ 121.5108721,25.02800107 ]
    },
    "properties": {
    "藥局名稱":"三元藥局",
    "電話":"(02)23052839",
    "地址":"臺北市中正區三元街１５８號"
    }
  },
  {
    "type": "Feature",
    "geometry": {
       "type": "Point",
       "coordinates":  [ 121.5325212,25.0411213 ]
    },
    "properties": {
    "藥局名稱":"大安藥局",
    "電話":"(02)23213186",
    "地址":"臺北市中正區新生南路1段56巷2號(1樓)"
    }
  },
  {
    "type": "Feature",
    "geometry": {
       "type": "Point",
       "coordinates":  [ 121.5126292,25.04220631 ]
    },
    "properties": {
    "藥局名稱":"上海聯合藥局",
    "電話":"(02)23714797",
    "地址":"臺北市中正區衡陽路３２號１樓"
    }
  },
  {
    "type": "Feature",
    "geometry": {
       "type": "Point",
       "coordinates":  [ 121.5302985,25.01654511 ]
    },
    "properties": {
    "藥局名稱":"中心藥局",
    "電話":"(02)23689889",
    "地址":"臺北市中正區汀州路三段１２１號"
    }
  },
  {
    "type": "Feature",
    "geometry": {
       "type": "Point",
       "coordinates":  [ 121.530796,25.03984849 ]
    },
    "properties": {
    "藥局名稱":"楊藥局",
    "電話":"(02)23414449",
    "地址":"臺北市中正區臨沂街２９巷１８號"
    }
  },
  {
    "type": "Feature",
    "geometry": {
       "type": "Point",
       "coordinates":  [ 121.5239625,25.04446127 ]
    },
    "properties": {
    "藥局名稱":"和康大藥局",
    "電話":"(02)23958181",
    "地址":"臺北市中正區忠孝東路一段７８號１樓"
    }
  },
  {
    "type": "Feature",
    "geometry": {
       "type": "Point",
       "coordinates":  [ 121.5301226,25.01666815 ]
    },
    "properties": {
    "藥局名稱":"古亭藥局",
    "電話":"",
    "地址":"臺北市中正區汀州路三段１１７號"
    }
  },
  {
    "type": "Feature",
    "geometry": {
       "type": "Point",
       "coordinates":  [ 121.5182188,25.03316149 ]
    },
    "properties": {
    "藥局名稱":"新獻安藥局",
    "電話":"(02)23519891",
    "地址":"臺北市中正區羅斯福路一段１５號"
    }
  },
  {
    "type": "Feature",
    "geometry": {
       "type": "Point",
       "coordinates":  [ 121.5078466,25.0348694 ]
    },
    "properties": {
    "藥局名稱":"國杏藥師示範藥局",
    "電話":"(02)23811322",
    "地址":"臺北市中正區延平南路１７１巷３號"
    }
  },
  {
    "type": "Feature",
    "geometry": {
       "type": "Point",
       "coordinates":  [ 121.5300303,25.01673271 ]
    },
    "properties": {
    "藥局名稱":"東華藥局",
    "電話":"(02)23640852",
    "地址":"臺北市中正區汀州路三段一一三號"
    }
  },
  {
    "type": "Feature",
    "geometry": {
       "type": "Point",
       "coordinates":  [ 121.5301606,25.03436039 ]
    },
    "properties": {
    "藥局名稱":"連雲藥局",
    "電話":"(02)23410504",
    "地址":"臺北市中正區連雲街79號"
    }
  },
  {
    "type": "Feature",
    "geometry": {
       "type": "Point",
       "coordinates":  [ 121.512863,25.04220736 ]
    },
    "properties": {
    "藥局名稱":"合泰大藥局",
    "電話":"(02)23899977",
    "地址":"臺北市中正區衡陽路26號"
    }
  },
  {
    "type": "Feature",
    "geometry": {
       "type": "Point",
       "coordinates":  [ 121.5153922,25.04349251 ]
    },
    "properties": {
    "藥局名稱":"吉星藥局",
    "電話":"(02)23117779",
    "地址":"臺北市中正區襄陽路１９號１樓"
    }
  },
  {
    "type": "Feature",
    "geometry": {
       "type": "Point",
       "coordinates":  [ 121.517267,25.030983 ]
    },
    "properties": {
    "藥局名稱":"丞良藥局",
    "電話":"(02)33938868",
    "地址":"臺北市中正區南昌路一段７８號地下一樓"
    }
  },
  {
    "type": "Feature",
    "geometry": {
       "type": "Point",
       "coordinates":  [ 121.5234096,25.04061204 ]
    },
    "properties": {
    "藥局名稱":"慶安藥局",
    "電話":"(02)23582385",
    "地址":"臺北市中正區徐州路26號"
    }
  },
  {
    "type": "Feature",
    "geometry": {
       "type": "Point",
       "coordinates":  [ 121.5116217,25.0269163 ]
    },
    "properties": {
    "藥局名稱":"達昌藥局",
    "電話":"(02)23390109",
    "地址":"臺北市中正區汀州路一段207號"
    }
  },
  {
    "type": "Feature",
    "geometry": {
       "type": "Point",
       "coordinates":  [ 121.5242627,25.02189463 ]
    },
    "properties": {
    "藥局名稱":"大愛生活藥局",
    "電話":"(02)23661155",
    "地址":"臺北市中正區汀州路二段232號"
    }
  },
  {
    "type": "Feature",
    "geometry": {
       "type": "Point",
       "coordinates":  [ 121.5165555,25.04416104 ]
    },
    "properties": {
    "藥局名稱":"台醫藥局",
    "電話":"(02)23141202",
    "地址":"臺北市中正區公園路30巷4號"
    }
  },
  {
    "type": "Feature",
    "geometry": {
       "type": "Point",
       "coordinates":  [ 121.5189322,25.02520581 ]
    },
    "properties": {
    "藥局名稱":"佑康大藥局",
    "電話":"(02)23683602",
    "地址":"臺北市中正區汀州路2段115號1樓"
    }
  },
  {
    "type": "Feature",
    "geometry": {
       "type": "Point",
       "coordinates":  [ 121.5168566,25.0444824 ]
    },
    "properties": {
    "藥局名稱":"佳和藥局",
    "電話":"",
    "地址":"臺北市中正區黎明里公園路30號"
    }
  },
  {
    "type": "Feature",
    "geometry": {
       "type": "Point",
       "coordinates":  [ 121.5142319,25.04507378 ]
    },
    "properties": {
    "藥局名稱":"正康藥局",
    "電話":"(02)23712831",
    "地址":"臺北市中正區漢口街1段22號"
    }
  },
  {
    "type": "Feature",
    "geometry": {
       "type": "Point",
       "coordinates":  [ 121.5096102,25.02490113 ]
    },
    "properties": {
    "藥局名稱":"進達健保藥局",
    "電話":"(02)23039829",
    "地址":"臺北市中正區中華路二段453號"
    }
  },
  {
    "type": "Feature",
    "geometry": {
       "type": "Point",
       "coordinates":  [ 121.5061962,25.02794934 ]
    },
    "properties": {
    "藥局名稱":"活力健康藥妝藥局",
    "電話":"(02)23392625",
    "地址":"臺北市中正區中華路二段315巷1號"
    }
  },
  {
    "type": "Feature",
    "geometry": {
       "type": "Point",
       "coordinates":  [ 121.5185922,25.0295324 ]
    },
    "properties": {
    "藥局名稱":"信康藥局",
    "電話":"(02)23961979",
    "地址":"臺北市中正區南昌路一段143號"
    }
  },
  {
    "type": "Feature",
    "geometry": {
       "type": "Point",
       "coordinates":  [ 121.5042504,25.03101283 ]
    },
    "properties": {
    "藥局名稱":"保德中華藥局",
    "電話":"(02)23027720",
    "地址":"臺北市中正區中華路二段159號"
    }
  },
  {
    "type": "Feature",
    "geometry": {
       "type": "Point",
       "coordinates":  [ 121.5263958,25.034666 ]
    },
    "properties": {
    "藥局名稱":"71恩典藥局",
    "電話":"(02)23223371",
    "地址":"臺北市中正區信義路二段71號"
    }
  },
  {
    "type": "Feature",
    "geometry": {
       "type": "Point",
       "coordinates":  [ 121.5109466,25.02735594 ]
    },
    "properties": {
    "藥局名稱":"豐仁藥局",
    "電話":"(02)23033908",
    "地址":"臺北市中正區寧波西街161號"
    }
  },
  {
    "type": "Feature",
    "geometry": {
       "type": "Point",
       "coordinates":  [ 121.5326126,25.04322641 ]
    },
    "properties": {
    "藥局名稱":"立赫健保藥局",
    "電話":"(02)33223231",
    "地址":"臺北市中正區新生南路一段16之2號"
    }
  },
  {
    "type": "Feature",
    "geometry": {
       "type": "Point",
       "coordinates":  [ 121.506273,25.02782978 ]
    },
    "properties": {
    "藥局名稱":"宏越藥局",
    "電話":"(02)23050880",
    "地址":"臺北市中正區中華路2段319號1樓"
    }
  },
  {
    "type": "Feature",
    "geometry": {
       "type": "Point",
       "coordinates":  [ 121.5105356,25.04645058 ]
    },
    "properties": {
    "藥局名稱":"大盛藥局",
    "電話":"(02)23316807",
    "地址":"臺北市中正區中華路一段21巷16號"
    }
  },
  {
    "type": "Feature",
    "geometry": {
       "type": "Point",
       "coordinates":  [ 121.5177666,25.04498758 ]
    },
    "properties": {
    "藥局名稱":"北車維康藥局",
    "電話":"(02)23613509",
    "地址":"臺北市中正區青島西路11號"
    }
  },
  {
    "type": "Feature",
    "geometry": {
       "type": "Point",
       "coordinates":  [ 121.5180284,25.04582575 ]
    },
    "properties": {
    "藥局名稱":"和眾藥局",
    "電話":"(02)23911393",
    "地址":"臺北市中正區忠孝西路一段6號"
    }
  },
  {
    "type": "Feature",
    "geometry": {
       "type": "Point",
       "coordinates":  [ 121.5073633,25.03483495 ]
    },
    "properties": {
    "藥局名稱":"躍獅南門藥局",
    "電話":"(02)23141111",
    "地址":"臺北市中正區中華路二段39巷10號"
    }
  },
  {
    "type": "Feature",
    "geometry": {
       "type": "Point",
       "coordinates":  [ 121.5202152,25.03175306 ]
    },
    "properties": {
    "藥局名稱":"桐心藥局",
    "電話":"(02)23581663",
    "地址":"臺北市中正區金華街18之6號1樓"
    }
  },
  {
    "type": "Feature",
    "geometry": {
       "type": "Point",
       "coordinates":  [ 121.517452,25.03106799 ]
    },
    "properties": {
    "藥局名稱":"珍忻藥局",
    "電話":"(02)23965115",
    "地址":"臺北市中正區南昌路一段65號"
    }
  },
  {
    "type": "Feature",
    "geometry": {
       "type": "Point",
       "coordinates":  [ 121.5299712,25.03454651 ]
    },
    "properties": {
    "藥局名稱":"博昱連雲藥局",
    "電話":"(02)23581898",
    "地址":"臺北市中正區連雲街72號、72之1號"
    }
  },
  {
    "type": "Feature",
    "geometry": {
       "type": "Point",
       "coordinates":  [ 121.5088598,25.02539709 ]
    },
    "properties": {
    "藥局名稱":"鈞安藥局",
    "電話":"(02)23098282",
    "地址":"臺北市中正區中華路2段425號1樓"
    }
  },
  {
    "type": "Feature",
    "geometry": {
       "type": "Point",
       "coordinates":  [ 121.5198716,25.0421407 ]
    },
    "properties": {
    "藥局名稱":"躍獅東門藥局",
    "電話":"(02)23920339",
    "地址":"臺北市中正區金山南路1段108之1號(1樓)"
    }
  },
  {
    "type": "Feature",
    "geometry": {
       "type": "Point",
       "coordinates":  [ 121.5219845,25.02403149 ]
    },
    "properties": {
    "藥局名稱":"康呈安藥局",
    "電話":"(02)23672215",
    "地址":"臺北市中正區汀州路2段187號1樓"
    }
  },
  {
    "type": "Feature",
    "geometry": {
       "type": "Point",
       "coordinates":  [ 121.511146,25.0269395 ]
    },
    "properties": {
    "藥局名稱":"汀州藥局",
    "電話":"(02)23090705",
    "地址":"臺北市中正區汀州路1段187、189、191號(1樓)"
    }
  },
  {
    "type": "Feature",
    "geometry": {
       "type": "Point",
       "coordinates":  [ 121.5111801,25.04299801 ]
    },
    "properties": {
    "藥局名稱":"中英大藥局",
    "電話":"(02)23615654",
    "地址":"臺北市中正區永綏街6號1樓"
    }
  },
  {
    "type": "Feature",
    "geometry": {
       "type": "Point",
       "coordinates":  [ 121.5115032,25.04591542 ]
    },
    "properties": {
    "藥局名稱":"子榕藥局",
    "電話":"(02)23116993",
    "地址":"臺北市中正區博愛路9號3樓"
    }
  },
  {
    "type": "Feature",
    "geometry": {
       "type": "Point",
       "coordinates":  [ 121.5074698,25.0347608 ]
    },
    "properties": {
    "藥局名稱":"愛國藥局",
    "電話":"(02)23826211",
    "地址":"臺北市中正區延平南路210號(1樓)"
    }
  },
  {
    "type": "Feature",
    "geometry": {
       "type": "Point",
       "coordinates":  [ 121.5155382,25.04349556 ]
    },
    "properties": {
    "藥局名稱":"中力藥局",
    "電話":"(02)23313768",
    "地址":"臺北市中正區襄陽路13之5號1樓、15號(1樓)"
    }
  },
  {
    "type": "Feature",
    "geometry": {
       "type": "Point",
       "coordinates":  [ 121.516754,25.04410123 ]
    },
    "properties": {
    "藥局名稱":"專品公園藥局",
    "電話":"(02)23142338",
    "地址":"臺北市中正區公園路32號1樓"
    }
  },
  {
    "type": "Feature",
    "geometry": {
       "type": "Point",
       "coordinates":  [ 121.5131885,25.02632858 ]
    },
    "properties": {
    "藥局名稱":"日上藥局",
    "電話":"(02)23378096",
    "地址":"臺北市中正區汀州路1段366號1樓、368號1樓"
    }
  },
  {
    "type": "Feature",
    "geometry": {
       "type": "Point",
       "coordinates":  [ 121.506759,25.03496529 ]
    },
    "properties": {
    "藥局名稱":"博醫和平藥局",
    "電話":"(02)23120053",
    "地址":"臺北市中正區中華路2段75巷1弄39號1樓"
    }
  },
  {
    "type": "Feature",
    "geometry": {
       "type": "Point",
       "coordinates":  [ 121.5268527,25.043762 ]
    },
    "properties": {
    "藥局名稱":"臨沂中西藥局",
    "電話":"",
    "地址":"臺北市中正區忠孝東路2段134巷26號(1樓)"
    }
  },
  {
    "type": "Feature",
    "geometry": {
       "type": "Point",
       "coordinates":  [ 121.5178122,25.03057386 ]
    },
    "properties": {
    "藥局名稱":"躍獅南寧藥局",
    "電話":"(02)23967072",
    "地址":"臺北市中正區南昌路1段81號1樓"
    }
  },
  {
    "type": "Feature",
    "geometry": {
       "type": "Point",
       "coordinates":  [ 121.5171172,25.03120561 ]
    },
    "properties": {
    "藥局名稱":"專品南昌藥局",
    "電話":"(02)23560069",
    "地址":"臺北市中正區南昌路1段66號1樓"
    }
  },
  {
    "type": "Feature",
    "geometry": {
       "type": "Point",
       "coordinates":  [ 121.5115032,25.04591542 ]
    },
    "properties": {
    "藥局名稱":"利保肝博愛藥局",
    "電話":"(02)23123119",
    "地址":"臺北市中正區博愛路9號1樓"
    }
  },
  {
    "type": "Feature",
    "geometry": {
       "type": "Point",
       "coordinates":  [ 121.5187816,25.0292682 ]
    },
    "properties": {
    "藥局名稱":"南昌春天藥局",
    "電話":"(02)23972886",
    "地址":"臺北市中正區南昌路1段157號1樓"
    }
  },
  {
    "type": "Feature",
    "geometry": {
       "type": "Point",
       "coordinates":  [ 121.5275891,25.0351731 ]
    },
    "properties": {
    "藥局名稱":"健歆藥局",
    "電話":"(02)23912858",
    "地址":"臺北市中正區金山南路1段139號1樓"
    }
  },
  {
    "type": "Feature",
    "geometry": {
       "type": "Point",
       "coordinates":  [ 121.5063729,25.03508199 ]
    },
    "properties": {
    "藥局名稱":"和平藥局",
    "電話":"(02)23755303",
    "地址":"臺北市中正區中華路2段43號1樓"
    }
  },
  {
    "type": "Feature",
    "geometry": {
       "type": "Point",
       "coordinates":  [ 121.516969,25.04485133 ]
    },
    "properties": {
    "藥局名稱":"立赫景福藥局",
    "電話":"(02)23616162",
    "地址":"臺北市中正區公園路28號1樓"
    }
  },
  {
    "type": "Feature",
    "geometry": {
       "type": "Point",
       "coordinates":  [ 121.5170434,25.0454278 ]
    },
    "properties": {
    "藥局名稱":"十二願禮藥局",
    "電話":"(02)23143004",
    "地址":"臺北市中正區許昌街4號(1樓)"
    }
  },
  {
    "type": "Feature",
    "geometry": {
       "type": "Point",
       "coordinates":  [ 121.5183291,25.0295693 ]
    },
    "properties": {
    "藥局名稱":"森詠藥局",
    "電話":"(02)23962120",
    "地址":"臺北市中正區南昌路1段130號1樓"
    }
  },
  {
    "type": "Feature",
    "geometry": {
       "type": "Point",
       "coordinates":  [ 121.5289806,25.04071163 ]
    },
    "properties": {
    "藥局名稱":"華山原美學藥局",
    "電話":"(02)23940150",
    "地址":"臺北市中正區金山南路1段58號6樓"
    }
  },
  {
    "type": "Feature",
    "geometry": {
       "type": "Point",
       "coordinates":  [ 121.5271509,25.04162388 ]
    },
    "properties": {
    "藥局名稱":"崇信藥局",
    "電話":"(02)23417557",
    "地址":"臺北市中正區齊東街８８號"
    }
  },
  {
    "type": "Feature",
    "geometry": {
       "type": "Point",
       "coordinates":  [ 121.5305404,25.040599 ]
    },
    "properties": {
    "藥局名稱":"民生藥局",
    "電話":"(02)23416470",
    "地址":"臺北市中正區濟南路二段45之1號"
    }
  },
  {
    "type": "Feature",
    "geometry": {
       "type": "Point",
       "coordinates":  [ 121.5168723,25.04469998 ]
    },
    "properties": {
    "藥局名稱":"新德星中西藥局",
    "電話":"(02)23614598",
    "地址":"臺北市中正區信陽街３號１樓"
    }
  },
  {
    "type": "Feature",
    "geometry": {
       "type": "Point",
       "coordinates":  [ 121.5283109,25.0353619 ]
    },
    "properties": {
    "藥局名稱":"東鴻藥局",
    "電話":"(02)23218648",
    "地址":"臺北市中正區臨沂街７１巷３號"
    }
  },
  {
    "type": "Feature",
    "geometry": {
       "type": "Point",
       "coordinates":  [ 121.5269142,25.035225 ]
    },
    "properties": {
    "藥局名稱":"祥全藥局",
    "電話":"(02)23939339",
    "地址":"臺北市中正區信義路二段７９巷１５號之８一樓"
    }
  },
  {
    "type": "Feature",
    "geometry": {
       "type": "Point",
       "coordinates":  [ 121.5117089,25.07201415 ]
    },
    "properties": {
    "藥局名稱":"新介春藥局",
    "電話":"(02)25862265",
    "地址":"臺北市大同區酒泉街１６６號"
    }
  },
  {
    "type": "Feature",
    "geometry": {
       "type": "Point",
       "coordinates":  [ 121.5136876,25.070191 ]
    },
    "properties": {
    "藥局名稱":"惠眾藥局",
    "電話":"(02)25981269",
    "地址":"臺北市大同區重慶北路三段三三五巷四十三號"
    }
  },
  {
    "type": "Feature",
    "geometry": {
       "type": "Point",
       "coordinates":  [ 121.5143673,25.0745193 ]
    },
    "properties": {
    "藥局名稱":"柯藥局",
    "電話":"(02)25948515",
    "地址":"臺北市大同區重慶北路三段３３５巷６號"
    }
  },
  {
    "type": "Feature",
    "geometry": {
       "type": "Point",
       "coordinates":  [ 121.5191148,25.05355692 ]
    },
    "properties": {
    "藥局名稱":"時春藥局",
    "電話":"(02)25597918",
    "地址":"臺北市大同區赤峰街４號"
    }
  },
  {
    "type": "Feature",
    "geometry": {
       "type": "Point",
       "coordinates":  [ 121.5114585,25.07068401 ]
    },
    "properties": {
    "藥局名稱":"裕仁藥局",
    "電話":"(02)25910064",
    "地址":"臺北市大同區迪化街二段270之1號"
    }
  },
  {
    "type": "Feature",
    "geometry": {
       "type": "Point",
       "coordinates":  [ 121.5151234,25.05512088 ]
    },
    "properties": {
    "藥局名稱":"健康藥局",
    "電話":"(02)25551219",
    "地址":"臺北市大同區寧夏路２３號之４"
    }
  },
  {
    "type": "Feature",
    "geometry": {
       "type": "Point",
       "coordinates":  [ 121.5146192,25.0730297 ]
    },
    "properties": {
    "藥局名稱":"泰元藥局",
    "電話":"(02)25914592",
    "地址":"臺北市大同區哈密街九十一號"
    }
  },
  {
    "type": "Feature",
    "geometry": {
       "type": "Point",
       "coordinates":  [ 121.5142206,25.0687427 ]
    },
    "properties": {
    "藥局名稱":"正中藥局",
    "電話":"(02)25976937",
    "地址":"臺北市大同區民族西路二一三號"
    }
  },
  {
    "type": "Feature",
    "geometry": {
       "type": "Point",
       "coordinates":  [ 121.5129438,25.05925826 ]
    },
    "properties": {
    "藥局名稱":"保慶藥局",
    "電話":"(02)25538988",
    "地址":"臺北市大同區保安街21號"
    }
  },
  {
    "type": "Feature",
    "geometry": {
       "type": "Point",
       "coordinates":  [ 121.514593,25.0534849 ]
    },
    "properties": {
    "藥局名稱":"快安藥局",
    "電話":"(02)25561925",
    "地址":"臺北市大同區南京西路282、284號"
    }
  },
  {
    "type": "Feature",
    "geometry": {
       "type": "Point",
       "coordinates":  [ 121.5114674,25.0602889 ]
    },
    "properties": {
    "藥局名稱":"得意藥師藥局",
    "電話":"(02)25534294",
    "地址":"臺北市大同區延平北路二段229號"
    }
  },
  {
    "type": "Feature",
    "geometry": {
       "type": "Point",
       "coordinates":  [ 121.515522,25.06872156 ]
    },
    "properties": {
    "藥局名稱":"健康美藥局",
    "電話":"(02)25976707",
    "地址":"臺北市大同區民族西路165號"
    }
  },
  {
    "type": "Feature",
    "geometry": {
       "type": "Point",
       "coordinates":  [ 121.5146752,25.07212952 ]
    },
    "properties": {
    "藥局名稱":"宏泰藥師藥局",
    "電話":"(02)25957025",
    "地址":"臺北市大同區酒泉街123號1樓"
    }
  },
  {
    "type": "Feature",
    "geometry": {
       "type": "Point",
       "coordinates":  [ 121.5158324,25.06065271 ]
    },
    "properties": {
    "藥局名稱":"儷安藥局",
    "電話":"(02)25578033",
    "地址":"臺北市大同區錦西街53巷16號"
    }
  },
  {
    "type": "Feature",
    "geometry": {
       "type": "Point",
       "coordinates":  [ 121.5114593,25.05733357 ]
    },
    "properties": {
    "藥局名稱":"富康藥局",
    "電話":"(02)25537782",
    "地址":"臺北市大同區延平北路二段126號"
    }
  },
  {
    "type": "Feature",
    "geometry": {
       "type": "Point",
       "coordinates":  [ 121.5158326,25.07060943 ]
    },
    "properties": {
    "藥局名稱":"佳禾藥局",
    "電話":"(02)25953806",
    "地址":"臺北市大同區大龍街262號"
    }
  },
  {
    "type": "Feature",
    "geometry": {
       "type": "Point",
       "coordinates":  [ 121.5146778,25.0607761 ]
    },
    "properties": {
    "藥局名稱":"躍獅雙蓮藥局",
    "電話":"(02)25537551",
    "地址":"臺北市大同區涼州街4號"
    }
  },
  {
    "type": "Feature",
    "geometry": {
       "type": "Point",
       "coordinates":  [ 121.5112006,25.06474679 ]
    },
    "properties": {
    "藥局名稱":"延平新聖安藥局",
    "電話":"(02)25923399",
    "地址":"臺北市大同區延平北路三段35號"
    }
  },
  {
    "type": "Feature",
    "geometry": {
       "type": "Point",
       "coordinates":  [ 121.5151208,25.06582371 ]
    },
    "properties": {
    "藥局名稱":"旭豐藥局",
    "電話":"(02)25853880",
    "地址":"臺北市大同區昌吉街96號"
    }
  },
  {
    "type": "Feature",
    "geometry": {
       "type": "Point",
       "coordinates":  [ 121.5108035,25.050385 ]
    },
    "properties": {
    "藥局名稱":"中興聯合藥局",
    "電話":"(02)25502952",
    "地址":"臺北市大同區鄭州路127號(實際營業地址：1樓)"
    }
  },
  {
    "type": "Feature",
    "geometry": {
       "type": "Point",
       "coordinates":  [ 121.519676,25.05740036 ]
    },
    "properties": {
    "藥局名稱":"躍獅文昌藥局",
    "電話":"(02)25586189",
    "地址":"臺北市大同區民生西路108號(實際營業:一層)"
    }
  },
  {
    "type": "Feature",
    "geometry": {
       "type": "Point",
       "coordinates":  [ 121.5142818,25.06583938 ]
    },
    "properties": {
    "藥局名稱":"新聖安藥局",
    "電話":"(02)25977877",
    "地址":"臺北市大同區昌吉街130號"
    }
  },
  {
    "type": "Feature",
    "geometry": {
       "type": "Point",
       "coordinates":  [ 121.5191196,25.0573343 ]
    },
    "properties": {
    "藥局名稱":"大同民生藥局",
    "電話":"(02)25558886",
    "地址":"臺北市大同區民生西路128號(1樓、2樓)及130號(1樓、2樓)"
    }
  },
  {
    "type": "Feature",
    "geometry": {
       "type": "Point",
       "coordinates":  [ 121.510881,25.050355 ]
    },
    "properties": {
    "藥局名稱":"123宅藥局",
    "電話":"",
    "地址":"臺北市大同區鄭州路123號(1樓)"
    }
  },
  {
    "type": "Feature",
    "geometry": {
       "type": "Point",
       "coordinates":  [ 121.5104049,25.0539876 ]
    },
    "properties": {
    "藥局名稱":"慶福藥局",
    "電話":"(02)25503628",
    "地址":"臺北市大同區南京西路 233巷2號(1樓)  "
    }
  },
  {
    "type": "Feature",
    "geometry": {
       "type": "Point",
       "coordinates":  [ 121.5110505,25.06343661 ]
    },
    "properties": {
    "藥局名稱":"延平藥局",
    "電話":"(02)25986800",
    "地址":"臺北市大同區延平北路3段4號1樓"
    }
  },
  {
    "type": "Feature",
    "geometry": {
       "type": "Point",
       "coordinates":  [ 121.5159775,25.0716743 ]
    },
    "properties": {
    "藥局名稱":"立赫大龍藥局",
    "電話":"(02)25953233",
    "地址":"臺北市大同區大龍街263號(1樓)"
    }
  },
  {
    "type": "Feature",
    "geometry": {
       "type": "Point",
       "coordinates":  [ 121.5133706,25.0522164 ]
    },
    "properties": {
    "藥局名稱":"春鄰藥局",
    "電話":"(02)25526289",
    "地址":"臺北市大同區華亭街1號(1樓)"
    }
  },
  {
    "type": "Feature",
    "geometry": {
       "type": "Point",
       "coordinates":  [ 121.5193694,25.05761803 ]
    },
    "properties": {
    "藥局名稱":"德芳藥局",
    "電話":"(02)25576869",
    "地址":"臺北市大同區民生西路91號1樓"
    }
  },
  {
    "type": "Feature",
    "geometry": {
       "type": "Point",
       "coordinates":  [ 121.5121469,25.06853408 ]
    },
    "properties": {
    "藥局名稱":"光年藥局",
    "電話":"",
    "地址":"臺北市大同區民族西路258號1樓"
    }
  },
  {
    "type": "Feature",
    "geometry": {
       "type": "Point",
       "coordinates":  [ 121.5144821,25.0721497 ]
    },
    "properties": {
    "藥局名稱":"圓保藥局",
    "電話":"(02)25850045",
    "地址":"臺北市大同區酒泉街131號(1樓)"
    }
  },
  {
    "type": "Feature",
    "geometry": {
       "type": "Point",
       "coordinates":  [ 121.5101298,25.05832209 ]
    },
    "properties": {
    "藥局名稱":"慈仁藥局",
    "電話":"(02)25572733",
    "地址":"臺北市大同區歸綏街２６１號１樓"
    }
  },
  {
    "type": "Feature",
    "geometry": {
       "type": "Point",
       "coordinates":  [ 121.510236,25.06926528 ]
    },
    "properties": {
    "藥局名稱":"三省大藥局",
    "電話":"(02)25353540",
    "地址":"臺北市大同區民族西路３０３巷１９號１樓"
    }
  },
  {
    "type": "Feature",
    "geometry": {
       "type": "Point",
       "coordinates":  [ 121.509909,25.05580837 ]
    },
    "properties": {
    "藥局名稱":"三銘大藥局",
    "電話":"(02)25583392",
    "地址":"臺北市大同區迪化街一段80號"
    }
  },
  {
    "type": "Feature",
    "geometry": {
       "type": "Point",
       "coordinates":  [ 121.5138797,25.05756886 ]
    },
    "properties": {
    "藥局名稱":"弘仁全民藥局",
    "電話":"(02)225579235",
    "地址":"臺北市大同區重慶北路2段119號1樓"
    }
  },
  {
    "type": "Feature",
    "geometry": {
       "type": "Point",
       "coordinates":  [ 121.5150437,25.05485023 ]
    },
    "properties": {
    "藥局名稱":"建祥藥局",
    "電話":"(02)25564339",
    "地址":"臺北市大同區寧夏路17號、17-1號"
    }
  },
  {
    "type": "Feature",
    "geometry": {
       "type": "Point",
       "coordinates":  [ 121.5116909,25.07036682 ]
    },
    "properties": {
    "藥局名稱":"華南藥局",
    "電話":"(02)25921093",
    "地址":"臺北市大同區迪化街二段二一五號之一"
    }
  },
  {
    "type": "Feature",
    "geometry": {
       "type": "Point",
       "coordinates":  [ 121.5115042,25.05973935 ]
    },
    "properties": {
    "藥局名稱":"德葳藥局",
    "電話":"(02)25573474",
    "地址":"臺北市大同區延平北路二段二一一號一樓"
    }
  },
  {
    "type": "Feature",
    "geometry": {
       "type": "Point",
       "coordinates":  [ 121.514555,25.07193436 ]
    },
    "properties": {
    "藥局名稱":"酒泉春天藥局",
    "電話":"(02)25977932",
    "地址":"臺北市大同區酒泉街94號1樓、2樓"
    }
  },
  {
    "type": "Feature",
    "geometry": {
       "type": "Point",
       "coordinates":  [ 121.5335125,25.048345 ]
    },
    "properties": {
    "藥局名稱":"弘元中西藥局",
    "電話":"(02)25185688",
    "地址":"臺北市中山區長安東路2段64號1樓"
    }
  },
  {
    "type": "Feature",
    "geometry": {
       "type": "Point",
       "coordinates":  [ 121.5215743,25.06024008 ]
    },
    "properties": {
    "藥局名稱":"錦西春天生活藥局",
    "電話":"(02)25312658",
    "地址":"臺北市中山區錦西街10號1樓"
    }
  },
  {
    "type": "Feature",
    "geometry": {
       "type": "Point",
       "coordinates":  [ 121.5311529,25.06041838 ]
    },
    "properties": {
    "藥局名稱":"喜康中西藥局",
    "電話":"(02)25222488",
    "地址":"臺北市中山區錦州街185號1樓"
    }
  },
  {
    "type": "Feature",
    "geometry": {
       "type": "Point",
       "coordinates":  [ 121.5256357,25.0556793 ]
    },
    "properties": {
    "藥局名稱":"沛久藥局",
    "電話":"",
    "地址":"臺北市中山區林森北路291號(1樓)"
    }
  },
  {
    "type": "Feature",
    "geometry": {
       "type": "Point",
       "coordinates":  [ 121.546436,25.08352992 ]
    },
    "properties": {
    "藥局名稱":"艾禾藥局",
    "電話":"",
    "地址":"臺北市中山區大直街63號1樓"
    }
  },
  {
    "type": "Feature",
    "geometry": {
       "type": "Point",
       "coordinates":  [ 121.542655,25.047402 ]
    },
    "properties": {
    "藥局名稱":"中崙藥局",
    "電話":"(02)27114971",
    "地址":"臺北市中山區八德路2段307號(1樓)"
    }
  },
  {
    "type": "Feature",
    "geometry": {
       "type": "Point",
       "coordinates":  [ 121.5338696,25.06026262 ]
    },
    "properties": {
    "藥局名稱":"錦州藥局",
    "電話":"(02)25026650",
    "地址":"臺北市中山區錦州街244號1樓"
    }
  },
  {
    "type": "Feature",
    "geometry": {
       "type": "Point",
       "coordinates":  [ 121.5247732,25.06483218 ]
    },
    "properties": {
    "藥局名稱":"農安藥局",
    "電話":"(02)25959293",
    "地址":"臺北市中山區農安街18之1號1樓"
    }
  },
  {
    "type": "Feature",
    "geometry": {
       "type": "Point",
       "coordinates":  [ 121.5304933,25.0650386 ]
    },
    "properties": {
    "藥局名稱":"吉林藥局",
    "電話":"(02)25865990",
    "地址":"臺北市中山區吉林路371號(1樓)"
    }
  },
  {
    "type": "Feature",
    "geometry": {
       "type": "Point",
       "coordinates":  [ 121.5346392,25.0514481 ]
    },
    "properties": {
    "藥局名稱":"滿順藥局",
    "電話":"(02)25075283",
    "地址":"臺北市中山區伊通街54號(1樓)"
    }
  },
  {
    "type": "Feature",
    "geometry": {
       "type": "Point",
       "coordinates":  [ 121.5289329,25.05585818 ]
    },
    "properties": {
    "藥局名稱":"躍獅冠冠藥局",
    "電話":"(02)25433431",
    "地址":"臺北市中山區中原街17號1樓"
    }
  },
  {
    "type": "Feature",
    "geometry": {
       "type": "Point",
       "coordinates":  [ 121.5482952,25.08192618 ]
    },
    "properties": {
    "藥局名稱":"永直藥局",
    "電話":"(02)85098059",
    "地址":"臺北市中山區北安路595巷2弄6號1樓"
    }
  },
  {
    "type": "Feature",
    "geometry": {
       "type": "Point",
       "coordinates":  [ 121.5348936,25.05317459 ]
    },
    "properties": {
    "藥局名稱":"中山伊通藥局",
    "電話":"",
    "地址":"臺北市中山區伊通街97之2號"
    }
  },
  {
    "type": "Feature",
    "geometry": {
       "type": "Point",
       "coordinates":  [ 121.5408299,25.05973159 ]
    },
    "properties": {
    "藥局名稱":"杏一龍錦藥局",
    "電話":"(02)25174618",
    "地址":"臺北市中山區龍江路279號1樓"
    }
  },
  {
    "type": "Feature",
    "geometry": {
       "type": "Point",
       "coordinates":  [ 121.5579856,25.07958071 ]
    },
    "properties": {
    "藥局名稱":"十二願湛藥局",
    "電話":"(02)85022178",
    "地址":"臺北市中山區樂群二路178號1樓"
    }
  },
  {
    "type": "Feature",
    "geometry": {
       "type": "Point",
       "coordinates":  [ 121.5508491,25.08301872 ]
    },
    "properties": {
    "藥局名稱":"明水藥局",
    "電話":"(02)25331121",
    "地址":"臺北市中山區明水路651號1樓"
    }
  },
  {
    "type": "Feature",
    "geometry": {
       "type": "Point",
       "coordinates":  [ 121.5252291,25.06326224 ]
    },
    "properties": {
    "藥局名稱":"起點藥局",
    "電話":"",
    "地址":"臺北市中山區雙城街3巷18號1樓"
    }
  },
  {
    "type": "Feature",
    "geometry": {
       "type": "Point",
       "coordinates":  [ 121.5305078,25.06587178 ]
    },
    "properties": {
    "藥局名稱":"吉林台安藥局",
    "電話":"(02)25969580",
    "地址":"臺北市中山區吉林路399號1樓"
    }
  },
  {
    "type": "Feature",
    "geometry": {
       "type": "Point",
       "coordinates":  [ 121.5358091,25.06476458 ]
    },
    "properties": {
    "藥局名稱":"農安台安藥局",
    "電話":"(02)25038205",
    "地址":"臺北市中山區農安街267號1樓"
    }
  },
  {
    "type": "Feature",
    "geometry": {
       "type": "Point",
       "coordinates":  [ 121.5490517,25.0824259 ]
    },
    "properties": {
    "藥局名稱":"美康正康藥局",
    "電話":"(02)25323077",
    "地址":"臺北市中山區北安路616之1號(1樓) 、618號2樓之1"
    }
  },
  {
    "type": "Feature",
    "geometry": {
       "type": "Point",
       "coordinates":  [ 121.5643243,25.0783725 ]
    },
    "properties": {
    "藥局名稱":"易康藥局",
    "電話":"(02)85029138",
    "地址":"臺北市中山區堤頂大道2段302號(1樓)、304號(1樓)"
    }
  },
  {
    "type": "Feature",
    "geometry": {
       "type": "Point",
       "coordinates":  [ 121.5406644,25.06084117 ]
    },
    "properties": {
    "藥局名稱":"星安藥局",
    "電話":"(02)25168112",
    "地址":"臺北市中山區龍江路278號1樓"
    }
  },
  {
    "type": "Feature",
    "geometry": {
       "type": "Point",
       "coordinates":  [ 121.5421421,25.0469978 ]
    },
    "properties": {
    "藥局名稱":"躍健康藥局",
    "電話":"(02)27772715",
    "地址":"臺北市中山區八德路2段298號(1樓)"
    }
  },
  {
    "type": "Feature",
    "geometry": {
       "type": "Point",
       "coordinates":  [ 121.5255415,25.05169934 ]
    },
    "properties": {
    "藥局名稱":"大信藥局",
    "電話":"(02)25719080",
    "地址":"臺北市中山區林森北路159巷6號"
    }
  },
  {
    "type": "Feature",
    "geometry": {
       "type": "Point",
       "coordinates":  [ 121.5269316,25.05036026 ]
    },
    "properties": {
    "藥局名稱":"承恩藥局",
    "電話":"(02)25625117",
    "地址":"臺北市中山區林森北路119巷55號1樓"
    }
  },
  {
    "type": "Feature",
    "geometry": {
       "type": "Point",
       "coordinates":  [ 121.5265867,25.0550218 ]
    },
    "properties": {
    "藥局名稱":"明美藥局",
    "電話":"(02)25365419",
    "地址":"臺北市中山區長春路６９號１樓"
    }
  },
  {
    "type": "Feature",
    "geometry": {
       "type": "Point",
       "coordinates":  [ 121.5313135,25.06206744 ]
    },
    "properties": {
    "藥局名稱":"長生藥局",
    "電話":"(02)25816210",
    "地址":"臺北市中山區松江路３６２巷５５號１樓"
    }
  },
  {
    "type": "Feature",
    "geometry": {
       "type": "Point",
       "coordinates":  [ 121.5256293,25.05481774 ]
    },
    "properties": {
    "藥局名稱":"能康藥局",
    "電話":"(02)25429426",
    "地址":"臺北市中山區長春路４６號"
    }
  },
  {
    "type": "Feature",
    "geometry": {
       "type": "Point",
       "coordinates":  [ 121.5319628,25.06039407 ]
    },
    "properties": {
    "藥局名稱":"貢玄藥局",
    "電話":"(02)25637847",
    "地址":"臺北市中山區錦州街２0７號"
    }
  },
  {
    "type": "Feature",
    "geometry": {
       "type": "Point",
       "coordinates":  [ 121.5284529,25.0670582 ]
    },
    "properties": {
    "藥局名稱":"建元藥局",
    "電話":"(02)25986171",
    "地址":"臺北市中山區德惠街79巷8號"
    }
  },
  {
    "type": "Feature",
    "geometry": {
       "type": "Point",
       "coordinates":  [ 121.5244152,25.06463068 ]
    },
    "properties": {
    "藥局名稱":"榮昌藥局",
    "電話":"",
    "地址":"臺北市中山區雙城街十七之三號"
    }
  },
  {
    "type": "Feature",
    "geometry": {
       "type": "Point",
       "coordinates":  [ 121.5398617,25.06607623 ]
    },
    "properties": {
    "藥局名稱":"華友藥局",
    "電話":"(02)25007159",
    "地址":"臺北市中山區龍江路３５６巷２７號１樓"
    }
  },
  {
    "type": "Feature",
    "geometry": {
       "type": "Point",
       "coordinates":  [ 121.5314085,25.05444439 ]
    },
    "properties": {
    "藥局名稱":"惠友藥局",
    "電話":"(02)25712813",
    "地址":"臺北市中山區一江街６０號一樓"
    }
  },
  {
    "type": "Feature",
    "geometry": {
       "type": "Point",
       "coordinates":  [ 121.548865,25.08063238 ]
    },
    "properties": {
    "藥局名稱":"康仁藥局",
    "電話":"(02)25323739",
    "地址":"臺北市中山區北安路578巷8弄3號"
    }
  },
  {
    "type": "Feature",
    "geometry": {
       "type": "Point",
       "coordinates":  [ 121.5412817,25.05620776 ]
    },
    "properties": {
    "藥局名稱":"名章藥局",
    "電話":"(02)25034331",
    "地址":"臺北市中山區興安街５１－５號１樓"
    }
  },
  {
    "type": "Feature",
    "geometry": {
       "type": "Point",
       "coordinates":  [ 121.5488379,25.08272832 ]
    },
    "properties": {
    "藥局名稱":"大直藥局",
    "電話":"(02)25320522",
    "地址":"臺北市中山區北安路617號1樓"
    }
  },
  {
    "type": "Feature",
    "geometry": {
       "type": "Point",
       "coordinates":  [ 121.5291312,25.06427377 ]
    },
    "properties": {
    "藥局名稱":"慈海藥局",
    "電話":"(02)25940989",
    "地址":"臺北市中山區中原街一四三號"
    }
  },
  {
    "type": "Feature",
    "geometry": {
       "type": "Point",
       "coordinates":  [ 121.53911,25.05845421 ]
    },
    "properties": {
    "藥局名稱":"蓁榛健康生活藥局",
    "電話":"(02)25097780",
    "地址":"臺北市中山區合江街100之2號1樓"
    }
  },
  {
    "type": "Feature",
    "geometry": {
       "type": "Point",
       "coordinates":  [ 121.5427089,25.04818087 ]
    },
    "properties": {
    "藥局名稱":"中興藥局",
    "電話":"(02)27774628",
    "地址":"臺北市中山區長安東路2段226號"
    }
  },
  {
    "type": "Feature",
    "geometry": {
       "type": "Point",
       "coordinates":  [ 121.5408259,25.05955642 ]
    },
    "properties": {
    "藥局名稱":"王中興藥局",
    "電話":"(02)25034281",
    "地址":"臺北市中山區龍江路273號"
    }
  },
  {
    "type": "Feature",
    "geometry": {
       "type": "Point",
       "coordinates":  [ 121.5256883,25.0593503 ]
    },
    "properties": {
    "藥局名稱":"興耀生活藥局",
    "電話":"(02)25818210",
    "地址":"臺北市中山區林森北路405號(1樓)"
    }
  },
  {
    "type": "Feature",
    "geometry": {
       "type": "Point",
       "coordinates":  [ 121.5423043,25.06160802 ]
    },
    "properties": {
    "藥局名稱":"視美藥局",
    "電話":"(02)25019597",
    "地址":"臺北市中山區民權東路三段６０巷８號１樓"
    }
  },
  {
    "type": "Feature",
    "geometry": {
       "type": "Point",
       "coordinates":  [ 121.5322474,25.04857182 ]
    },
    "properties": {
    "藥局名稱":"百源堂大藥局",
    "電話":"(02)25630711",
    "地址":"臺北市中山區長安東路二段四十七之五號一樓"
    }
  },
  {
    "type": "Feature",
    "geometry": {
       "type": "Point",
       "coordinates":  [ 121.5404011,25.05505954 ]
    },
    "properties": {
    "藥局名稱":"名祥藥局",
    "電話":"(02)25036265",
    "地址":"臺北市中山區龍江路１６６號"
    }
  },
  {
    "type": "Feature",
    "geometry": {
       "type": "Point",
       "coordinates":  [ 121.5347502,25.06025322 ]
    },
    "properties": {
    "藥局名稱":"順泰藥局",
    "電話":"(02)25038916",
    "地址":"臺北市中山區錦州街266號1樓"
    }
  },
  {
    "type": "Feature",
    "geometry": {
       "type": "Point",
       "coordinates":  [ 121.524223,25.05793492 ]
    },
    "properties": {
    "藥局名稱":"優豐藥局",
    "電話":"(02)25602565",
    "地址":"臺北市中山區民生東路一段三十二號"
    }
  },
  {
    "type": "Feature",
    "geometry": {
       "type": "Point",
       "coordinates":  [ 121.5263361,25.05613101 ]
    },
    "properties": {
    "藥局名稱":"泰興藥局",
    "電話":"(02)25371586",
    "地址":"臺北市中山區新生北路二段６２巷３２號"
    }
  },
  {
    "type": "Feature",
    "geometry": {
       "type": "Point",
       "coordinates":  [ 121.5341938,25.06039343 ]
    },
    "properties": {
    "藥局名稱":"阿里藥局",
    "電話":"(02)25020638",
    "地址":"臺北市中山區錦州街251號1樓"
    }
  },
  {
    "type": "Feature",
    "geometry": {
       "type": "Point",
       "coordinates":  [ 121.5214126,25.06365813 ]
    },
    "properties": {
    "藥局名稱":"良佑藥局",
    "電話":"(02)25916402",
    "地址":"臺北市中山區撫順街６之２號１樓"
    }
  },
  {
    "type": "Feature",
    "geometry": {
       "type": "Point",
       "coordinates":  [ 121.5394128,25.05510083 ]
    },
    "properties": {
    "藥局名稱":"第一藥局",
    "電話":"(02)25030124",
    "地址":"臺北市中山區合江街１７巷６號"
    }
  },
  {
    "type": "Feature",
    "geometry": {
       "type": "Point",
       "coordinates":  [ 121.5295776,25.05598437 ]
    },
    "properties": {
    "藥局名稱":"立大藥局",
    "電話":"(02)25313844",
    "地址":"臺北市中山區吉林路144巷14號"
    }
  },
  {
    "type": "Feature",
    "geometry": {
       "type": "Point",
       "coordinates":  [ 121.5418871,25.05620708 ]
    },
    "properties": {
    "藥局名稱":"長青藥局",
    "電話":"(02)25053160",
    "地址":"臺北市中山區興安街５５號１樓"
    }
  },
  {
    "type": "Feature",
    "geometry": {
       "type": "Point",
       "coordinates":  [ 121.5258586,25.0670343 ]
    },
    "properties": {
    "藥局名稱":"晏晟藥局",
    "電話":"(02)25851445",
    "地址":"臺北市中山區林森北路６２５號"
    }
  },
  {
    "type": "Feature",
    "geometry": {
       "type": "Point",
       "coordinates":  [ 121.5232742,25.05136434 ]
    },
    "properties": {
    "藥局名稱":"美日藥局",
    "電話":"(02)25631662",
    "地址":"臺北市中山區天津街六十六號一樓"
    }
  },
  {
    "type": "Feature",
    "geometry": {
       "type": "Point",
       "coordinates":  [ 121.5303983,25.06208985 ]
    },
    "properties": {
    "藥局名稱":"人人藥局",
    "電話":"(02)25630798",
    "地址":"臺北市中山區吉林路二六七號一樓"
    }
  },
  {
    "type": "Feature",
    "geometry": {
       "type": "Point",
       "coordinates":  [ 121.5399659,25.065915 ]
    },
    "properties": {
    "藥局名稱":"文德藥局",
    "電話":"(02)25181178",
    "地址":"臺北市中山區龍江路356巷22號1樓"
    }
  },
  {
    "type": "Feature",
    "geometry": {
       "type": "Point",
       "coordinates":  [ 121.5317112,25.05472764 ]
    },
    "properties": {
    "藥局名稱":"展佑藥局",
    "電話":"(02)25232803",
    "地址":"臺北市中山區長春路一四六之一號"
    }
  },
  {
    "type": "Feature",
    "geometry": {
       "type": "Point",
       "coordinates":  [ 121.5250871,25.05141934 ]
    },
    "properties": {
    "藥局名稱":"祥泰藥局",
    "電話":"(02)25614200",
    "地址":"臺北市中山區林森北路136號"
    }
  },
  {
    "type": "Feature",
    "geometry": {
       "type": "Point",
       "coordinates":  [ 121.538508,25.06032598 ]
    },
    "properties": {
    "藥局名稱":"嘉恩藥局",
    "電話":"(02)25181418",
    "地址":"臺北市中山區錦州街321號"
    }
  },
  {
    "type": "Feature",
    "geometry": {
       "type": "Point",
       "coordinates":  [ 121.547952,25.08014025 ]
    },
    "properties": {
    "藥局名稱":"樂活苑藥局",
    "電話":"(02)25323296",
    "地址":"臺北市中山區北安路546號1樓"
    }
  },
  {
    "type": "Feature",
    "geometry": {
       "type": "Point",
       "coordinates":  [ 121.5242361,25.06634085 ]
    },
    "properties": {
    "藥局名稱":"麗亞藥局",
    "電話":"(02)25981065",
    "地址":"臺北市中山區雙城街32號"
    }
  },
  {
    "type": "Feature",
    "geometry": {
       "type": "Point",
       "coordinates":  [ 121.5303915,25.06164733 ]
    },
    "properties": {
    "藥局名稱":"大愛藥師藥局",
    "電話":"(02)25424723",
    "地址":"臺北市中山區吉林路255號"
    }
  },
  {
    "type": "Feature",
    "geometry": {
       "type": "Point",
       "coordinates":  [ 121.5254776,25.06126938 ]
    },
    "properties": {
    "藥局名稱":"久大藥局",
    "電話":"(02)25111594",
    "地址":"臺北市中山區林森北路480號"
    }
  },
  {
    "type": "Feature",
    "geometry": {
       "type": "Point",
       "coordinates":  [ 121.5347251,25.0542576 ]
    },
    "properties": {
    "藥局名稱":"專心藥局",
    "電話":"(02)25155847",
    "地址":"臺北市中山區伊通街112之2號"
    }
  },
  {
    "type": "Feature",
    "geometry": {
       "type": "Point",
       "coordinates":  [ 121.5437701,25.05616582 ]
    },
    "properties": {
    "藥局名稱":"康林藥局",
    "電話":"(02)25171867",
    "地址":"臺北市中山區興安街105號"
    }
  },
  {
    "type": "Feature",
    "geometry": {
       "type": "Point",
       "coordinates":  [ 121.543538,25.05745882 ]
    },
    "properties": {
    "藥局名稱":"民生興安藥局",
    "電話":"(02)25018310",
    "地址":"臺北市中山區民生東路3段90之1號"
    }
  },
  {
    "type": "Feature",
    "geometry": {
       "type": "Point",
       "coordinates":  [ 121.5352375,25.06023864 ]
    },
    "properties": {
    "藥局名稱":"啟美藥師藥局",
    "電話":"(02)25178032",
    "地址":"臺北市中山區錦州街282號"
    }
  },
  {
    "type": "Feature",
    "geometry": {
       "type": "Point",
       "coordinates":  [ 121.5402935,25.06591256 ]
    },
    "properties": {
    "藥局名稱":"龍江藥局",
    "電話":"(02)25023724",
    "地址":"臺北市中山區龍江路356巷14號"
    }
  },
  {
    "type": "Feature",
    "geometry": {
       "type": "Point",
       "coordinates":  [ 121.5245403,25.06500749 ]
    },
    "properties": {
    "藥局名稱":"躍獅晴光藥局",
    "電話":"(02)25951393",
    "地址":"臺北市中山區農安街23之2號"
    }
  },
  {
    "type": "Feature",
    "geometry": {
       "type": "Point",
       "coordinates":  [ 121.5300424,25.06652212 ]
    },
    "properties": {
    "藥局名稱":"德惠藥局",
    "電話":"(02)25971131",
    "地址":"臺北市中山區德惠街122號"
    }
  },
  {
    "type": "Feature",
    "geometry": {
       "type": "Point",
       "coordinates":  [ 121.5406803,25.04842621 ]
    },
    "properties": {
    "藥局名稱":"金生藥局",
    "電話":"(02)87729808",
    "地址":"臺北市中山區長安東路2段167之1號"
    }
  },
  {
    "type": "Feature",
    "geometry": {
       "type": "Point",
       "coordinates":  [ 121.5214016,25.05143389 ]
    },
    "properties": {
    "藥局名稱":"興康源藥局",
    "電話":"(02)25311248",
    "地址":"臺北市中山區中山北路1段140巷8號"
    }
  },
  {
    "type": "Feature",
    "geometry": {
       "type": "Point",
       "coordinates":  [ 121.5496274,25.08262868 ]
    },
    "properties": {
    "藥局名稱":"富宥康藥局",
    "電話":"(02)25324769",
    "地址":"臺北市中山區北安路608巷5弄22號"
    }
  },
  {
    "type": "Feature",
    "geometry": {
       "type": "Point",
       "coordinates":  [ 121.548559,25.080761 ]
    },
    "properties": {
    "藥局名稱":"淮濟藥師藥局",
    "電話":"(02)85098636",
    "地址":"臺北市中山區北安路570號(實際營業地址:1樓及地下1樓)"
    }
  },
  {
    "type": "Feature",
    "geometry": {
       "type": "Point",
       "coordinates":  [ 121.5312441,25.0604171 ]
    },
    "properties": {
    "藥局名稱":"逸帆藥局",
    "電話":"",
    "地址":"臺北市中山區錦州街189號"
    }
  },
  {
    "type": "Feature",
    "geometry": {
       "type": "Point",
       "coordinates":  [ 121.5425691,25.04838455 ]
    },
    "properties": {
    "藥局名稱":"正傑健保藥局",
    "電話":"(02)27310181",
    "地址":"臺北市中山區長安東路二段181號"
    }
  },
  {
    "type": "Feature",
    "geometry": {
       "type": "Point",
       "coordinates":  [ 121.5250397,25.05124953 ]
    },
    "properties": {
    "藥局名稱":"中山藥局",
    "電話":"(02)25236979",
    "地址":"臺北市中山區林森北路128號"
    }
  },
  {
    "type": "Feature",
    "geometry": {
       "type": "Point",
       "coordinates":  [ 121.5492907,25.08191229 ]
    },
    "properties": {
    "藥局名稱":"保德明水藥局",
    "電話":"(02)85097769",
    "地址":"臺北市中山區北安路608巷4弄1號"
    }
  },
  {
    "type": "Feature",
    "geometry": {
       "type": "Point",
       "coordinates":  [ 121.5416596,25.06011408 ]
    },
    "properties": {
    "藥局名稱":"廣福中西藥局",
    "電話":"(02)25189489",
    "地址":"臺北市中山區錦州街406號"
    }
  },
  {
    "type": "Feature",
    "geometry": {
       "type": "Point",
       "coordinates":  [ 121.5486435,25.08194407 ]
    },
    "properties": {
    "藥局名稱":"大直健康藥局",
    "電話":"(02)25323310",
    "地址":"臺北市中山區北安路591號"
    }
  },
  {
    "type": "Feature",
    "geometry": {
       "type": "Point",
       "coordinates":  [ 121.5348918,25.0530723 ]
    },
    "properties": {
    "藥局名稱":"娸淇藥局",
    "電話":"(02)25082762",
    "地址":"臺北市中山區伊通街95號"
    }
  },
  {
    "type": "Feature",
    "geometry": {
       "type": "Point",
       "coordinates":  [ 121.5434646,25.05615461 ]
    },
    "properties": {
    "藥局名稱":"OK藥師藥局",
    "電話":"(02)25170068",
    "地址":"臺北市中山區興安街95號"
    }
  },
  {
    "type": "Feature",
    "geometry": {
       "type": "Point",
       "coordinates":  [ 121.5258714,25.0504071 ]
    },
    "properties": {
    "藥局名稱":"昶青林森藥局",
    "電話":"(02)25639939",
    "地址":"臺北市中山區林森北路119巷18號(1樓)"
    }
  },
  {
    "type": "Feature",
    "geometry": {
       "type": "Point",
       "coordinates":  [ 121.5257983,25.06529877 ]
    },
    "properties": {
    "藥局名稱":"麗恩藥局",
    "電話":"(02)25981982",
    "地址":"臺北市中山區林森北路575之5號"
    }
  },
  {
    "type": "Feature",
    "geometry": {
       "type": "Point",
       "coordinates":  [ 121.5410461,25.06510644 ]
    },
    "properties": {
    "藥局名稱":"建誠中西藥局",
    "電話":"(02)25158608",
    "地址":"臺北市中山區龍江路385之1號"
    }
  },
  {
    "type": "Feature",
    "geometry": {
       "type": "Point",
       "coordinates":  [ 121.5258246,25.06647284 ]
    },
    "properties": {
    "藥局名稱":"誠意中西藥局",
    "電話":"(02)25950951",
    "地址":"臺北市中山區林森北路613號"
    }
  },
  {
    "type": "Feature",
    "geometry": {
       "type": "Point",
       "coordinates":  [ 121.521914,25.049564 ]
    },
    "properties": {
    "藥局名稱":"長安藥局",
    "電話":"(02)27772740",
    "地址":"臺北市中山區長安東路2段171之2號(1樓)"
    }
  },
  {
    "type": "Feature",
    "geometry": {
       "type": "Point",
       "coordinates":  [ 121.5255056,25.06232638 ]
    },
    "properties": {
    "藥局名稱":"仁一藥局",
    "電話":"(02)25711742",
    "地址":"臺北市中山區林森北路520號"
    }
  },
  {
    "type": "Feature",
    "geometry": {
       "type": "Point",
       "coordinates":  [ 121.5487621,25.08240974 ]
    },
    "properties": {
    "藥局名稱":"大直小太陽藥局",
    "電話":"(02)85093208",
    "地址":"臺北市中山區北安路607-1號"
    }
  },
  {
    "type": "Feature",
    "geometry": {
       "type": "Point",
       "coordinates":  [ 121.5481721,25.08072835 ]
    },
    "properties": {
    "藥局名稱":"大直永安藥局",
    "電話":"(02)25332125",
    "地址":"臺北市中山區北安路567之2號"
    }
  },
  {
    "type": "Feature",
    "geometry": {
       "type": "Point",
       "coordinates":  [ 121.5464584,25.07940104 ]
    },
    "properties": {
    "藥局名稱":"元宏藥局",
    "電話":"(02)25339728",
    "地址":"臺北市中山區北安路458巷41弄49號"
    }
  },
  {
    "type": "Feature",
    "geometry": {
       "type": "Point",
       "coordinates":  [ 121.5321651,25.06471241 ]
    },
    "properties": {
    "藥局名稱":"聖晨藥局",
    "電話":"",
    "地址":"臺北市中山區農安街140號"
    }
  },
  {
    "type": "Feature",
    "geometry": {
       "type": "Point",
       "coordinates":  [ 121.532133,25.0604103 ]
    },
    "properties": {
    "藥局名稱":"錦州春天生活藥局",
    "電話":"(02)25213586",
    "地址":"臺北市中山區錦州街213號、213號2樓"
    }
  },
  {
    "type": "Feature",
    "geometry": {
       "type": "Point",
       "coordinates":  [ 121.5323456,25.05495168 ]
    },
    "properties": {
    "藥局名稱":"佳頤中西藥局",
    "電話":"(02)25641479",
    "地址":"臺北市中山區長春路147之1號"
    }
  },
  {
    "type": "Feature",
    "geometry": {
       "type": "Point",
       "coordinates":  [ 121.5346414,25.06456845 ]
    },
    "properties": {
    "藥局名稱":"康銓藥局",
    "電話":"(02)25039393",
    "地址":"臺北市中山區農安街174號"
    }
  },
  {
    "type": "Feature",
    "geometry": {
       "type": "Point",
       "coordinates":  [ 121.5408713,25.06532285 ]
    },
    "properties": {
    "藥局名稱":"禾全藥局",
    "電話":"(02)25165721",
    "地址":"臺北市中山區龍江路332號"
    }
  },
  {
    "type": "Feature",
    "geometry": {
       "type": "Point",
       "coordinates":  [ 121.5255679,25.05588048 ]
    },
    "properties": {
    "藥局名稱":"十二願藥局",
    "電話":"",
    "地址":"臺北市中山區林森北路309號"
    }
  },
  {
    "type": "Feature",
    "geometry": {
       "type": "Point",
       "coordinates":  [ 121.561177,25.0812457 ]
    },
    "properties": {
    "藥局名稱":"禾康藥局",
    "電話":"",
    "地址":"臺北市中山區植福路296號(實際營業地址:1層)"
    }
  },
  {
    "type": "Feature",
    "geometry": {
       "type": "Point",
       "coordinates":  [ 121.5406119,25.05888538 ]
    },
    "properties": {
    "藥局名稱":"大樹龍江藥局",
    "電話":"(02)25035666",
    "地址":"臺北市中山區龍江路242號"
    }
  },
  {
    "type": "Feature",
    "geometry": {
       "type": "Point",
       "coordinates":  [ 121.5303558,25.05970358 ]
    },
    "properties": {
    "藥局名稱":"安悅藥局",
    "電話":"(02)25419879",
    "地址":"臺北市中山區吉林路189號"
    }
  },
  {
    "type": "Feature",
    "geometry": {
       "type": "Point",
       "coordinates":  [ 121.5407535,25.05476915 ]
    },
    "properties": {
    "藥局名稱":"東東藥局",
    "電話":"(02)25031730",
    "地址":"臺北市中山區長春路257之2號1樓"
    }
  },
  {
    "type": "Feature",
    "geometry": {
       "type": "Point",
       "coordinates":  [ 121.5302839,25.05618779 ]
    },
    "properties": {
    "藥局名稱":"誠果中西藥局",
    "電話":"(02)25238563",
    "地址":"臺北市中山區吉林路101號1樓"
    }
  },
  {
    "type": "Feature",
    "geometry": {
       "type": "Point",
       "coordinates":  [ 121.5593333,25.07951739 ]
    },
    "properties": {
    "藥局名稱":"永育康暉藥局",
    "電話":"(02)85012268",
    "地址":"臺北市中山區樂群二路210之2號1樓"
    }
  },
  {
    "type": "Feature",
    "geometry": {
       "type": "Point",
       "coordinates":  [ 121.5257301,25.0582221 ]
    },
    "properties": {
    "藥局名稱":"可康藥局",
    "電話":"(02)25361078",
    "地址":"臺北市中山區林森北路373號(1樓)"
    }
  },
  {
    "type": "Feature",
    "geometry": {
       "type": "Point",
       "coordinates":  [ 121.5408634,25.06127156 ]
    },
    "properties": {
    "藥局名稱":"專品龍江藥局",
    "電話":"(02)25178870",
    "地址":"臺北市中山區龍江路311號1樓"
    }
  },
  {
    "type": "Feature",
    "geometry": {
       "type": "Point",
       "coordinates":  [ 121.5524163,25.0578685 ]
    },
    "properties": {
    "藥局名稱":"立赫民生藥局",
    "電話":"(02)27139200",
    "地址":"臺北市松山區民生東路4段72號1樓"
    }
  },
  {
    "type": "Feature",
    "geometry": {
       "type": "Point",
       "coordinates":  [ 121.557434,25.0517706 ]
    },
    "properties": {
    "藥局名稱":"康是美建華藥局",
    "電話":"(02)27607595",
    "地址":"臺北市松山區南京東路5段1號1樓"
    }
  },
  {
    "type": "Feature",
    "geometry": {
       "type": "Point",
       "coordinates":  [ 121.5630972,25.06078504 ]
    },
    "properties": {
    "藥局名稱":"富景藥局",
    "電話":"(02)27455666",
    "地址":"臺北市松山區三民路145號1樓"
    }
  },
  {
    "type": "Feature",
    "geometry": {
       "type": "Point",
       "coordinates":  [ 121.5664805,25.05720671 ]
    },
    "properties": {
    "藥局名稱":"富凱延壽藥局",
    "電話":"(02)27455988",
    "地址":"臺北市松山區延壽街95號1樓"
    }
  },
  {
    "type": "Feature",
    "geometry": {
       "type": "Point",
       "coordinates":  [ 121.555653,25.0580788 ]
    },
    "properties": {
    "藥局名稱":"躍獅敦北藥局",
    "電話":"(02)27155691",
    "地址":"臺北市松山區民生東路4段80巷5號(1樓)"
    }
  },
  {
    "type": "Feature",
    "geometry": {
       "type": "Point",
       "coordinates":  [ 121.5645186,25.06091416 ]
    },
    "properties": {
    "藥局名稱":"興宸藥局",
    "電話":"(02)27658970",
    "地址":"臺北市松山區富錦街512號1樓"
    }
  },
  {
    "type": "Feature",
    "geometry": {
       "type": "Point",
       "coordinates":  [ 121.5595616,25.05171475 ]
    },
    "properties": {
    "藥局名稱":"躍獅京華藥局",
    "電話":"(02)27666508",
    "地址":"臺北市松山區南京東路5段71號1樓"
    }
  },
  {
    "type": "Feature",
    "geometry": {
       "type": "Point",
       "coordinates":  [ 121.5552348,25.05213652 ]
    },
    "properties": {
    "藥局名稱":"榮星藥局",
    "電話":"(02)27124696",
    "地址":"臺北市松山區南京東路四段１３３巷５弄１號"
    }
  },
  {
    "type": "Feature",
    "geometry": {
       "type": "Point",
       "coordinates":  [ 121.5659226,25.05754042 ]
    },
    "properties": {
    "藥局名稱":"東北藥局",
    "電話":"(02)27612625",
    "地址":"臺北市松山區新東街３巷２號"
    }
  },
  {
    "type": "Feature",
    "geometry": {
       "type": "Point",
       "coordinates":  [ 121.5535281,25.04871727 ]
    },
    "properties": {
    "藥局名稱":"新光藥局",
    "電話":"(02)25775672",
    "地址":"臺北市松山區八德路三段99巷4號"
    }
  },
  {
    "type": "Feature",
    "geometry": {
       "type": "Point",
       "coordinates":  [ 121.5449109,25.06326943 ]
    },
    "properties": {
    "藥局名稱":"健全藥局",
    "電話":"(02)27128293",
    "地址":"臺北市松山區民權東路三段１０３巷２０號"
    }
  },
  {
    "type": "Feature",
    "geometry": {
       "type": "Point",
       "coordinates":  [ 121.5598565,25.05733299 ]
    },
    "properties": {
    "藥局名稱":"李得安藥局",
    "電話":"(02)87871655",
    "地址":"臺北市松山區民生東路五段３６巷８弄１１號一樓"
    }
  },
  {
    "type": "Feature",
    "geometry": {
       "type": "Point",
       "coordinates":  [ 121.5449185,25.06298433 ]
    },
    "properties": {
    "藥局名稱":"瑞昌大藥局",
    "電話":"(02)27120030",
    "地址":"臺北市松山區民權東路三段103巷10號"
    }
  },
  {
    "type": "Feature",
    "geometry": {
       "type": "Point",
       "coordinates":  [ 121.5606599,25.0483598 ]
    },
    "properties": {
    "藥局名稱":"德川中西藥局",
    "電話":"(02)27683399",
    "地址":"臺北市松山區八德路4段96號"
    }
  },
  {
    "type": "Feature",
    "geometry": {
       "type": "Point",
       "coordinates":  [ 121.55619,25.04816251 ]
    },
    "properties": {
    "藥局名稱":"德安藥局",
    "電話":"(02)25782670",
    "地址":"臺北市松山區八德路3段195號2樓"
    }
  },
  {
    "type": "Feature",
    "geometry": {
       "type": "Point",
       "coordinates":  [ 121.5511815,25.04608639 ]
    },
    "properties": {
    "藥局名稱":"禾宜藥局",
    "電話":"(02)25780236",
    "地址":"臺北市松山區八德路3段12巷51弄16號1樓"
    }
  },
  {
    "type": "Feature",
    "geometry": {
       "type": "Point",
       "coordinates":  [ 121.5555618,25.05213981 ]
    },
    "properties": {
    "藥局名稱":"安世藥局",
    "電話":"(02)27133405",
    "地址":"臺北市松山區南京東路四段１３３巷５弄９號"
    }
  },
  {
    "type": "Feature",
    "geometry": {
       "type": "Point",
       "coordinates":  [ 121.5581679,25.05270413 ]
    },
    "properties": {
    "藥局名稱":"明一藥局",
    "電話":"(02)27691654",
    "地址":"臺北市松山區南京東路五段５９巷２８弄２５號１樓"
    }
  },
  {
    "type": "Feature",
    "geometry": {
       "type": "Point",
       "coordinates":  [ 121.547337,25.04913916 ]
    },
    "properties": {
    "藥局名稱":"傑安藥局",
    "電話":"(02)27524155",
    "地址":"臺北市松山區八德路二段４３７巷７弄８號１樓"
    }
  },
  {
    "type": "Feature",
    "geometry": {
       "type": "Point",
       "coordinates":  [ 121.5465855,25.05948486 ]
    },
    "properties": {
    "藥局名稱":"仁弘藥局",
    "電話":"(02)27136764",
    "地址":"臺北市松山區民生東路三段１１３巷２５弄６號１樓"
    }
  },
  {
    "type": "Feature",
    "geometry": {
       "type": "Point",
       "coordinates":  [ 121.5615282,25.05842827 ]
    },
    "properties": {
    "藥局名稱":"益華藥局",
    "電話":"(02)27624898",
    "地址":"臺北市松山區民生東路五段１３８巷６號"
    }
  },
  {
    "type": "Feature",
    "geometry": {
       "type": "Point",
       "coordinates":  [ 121.5666733,25.06177521 ]
    },
    "properties": {
    "藥局名稱":"德靈藥局",
    "電話":"(02)27646998",
    "地址":"臺北市松山區富錦街５４８號"
    }
  },
  {
    "type": "Feature",
    "geometry": {
       "type": "Point",
       "coordinates":  [ 121.5607477,25.05363801 ]
    },
    "properties": {
    "藥局名稱":"合生藥局",
    "電話":"(02)27602932",
    "地址":"臺北市松山區南京東路五段１２３巷４５號１樓"
    }
  },
  {
    "type": "Feature",
    "geometry": {
       "type": "Point",
       "coordinates":  [ 121.5534991,25.04742353 ]
    },
    "properties": {
    "藥局名稱":"中崙五代全民藥局",
    "電話":"(02)25700079",
    "地址":"臺北市松山區延吉街７之２號１樓"
    }
  },
  {
    "type": "Feature",
    "geometry": {
       "type": "Point",
       "coordinates":  [ 121.5590485,25.05836364 ]
    },
    "properties": {
    "藥局名稱":"上允藥局",
    "電話":"(02)27696905",
    "地址":"臺北市松山區民生東路五段78號"
    }
  },
  {
    "type": "Feature",
    "geometry": {
       "type": "Point",
       "coordinates":  [ 121.5633976,25.05723452 ]
    },
    "properties": {
    "藥局名稱":"建東大藥局",
    "電話":"(02)27676237",
    "地址":"臺北市松山區三民路９７號一樓"
    }
  },
  {
    "type": "Feature",
    "geometry": {
       "type": "Point",
       "coordinates":  [ 121.5603628,25.05678588 ]
    },
    "properties": {
    "藥局名稱":"延壽藥局",
    "電話":"(02)27685159",
    "地址":"臺北市松山區延壽街３２７號"
    }
  },
  {
    "type": "Feature",
    "geometry": {
       "type": "Point",
       "coordinates":  [ 121.5471033,25.05994298 ]
    },
    "properties": {
    "藥局名稱":"萬泰藥局",
    "電話":"(02)27135891",
    "地址":"臺北市松山區敦化北路222巷38號"
    }
  },
  {
    "type": "Feature",
    "geometry": {
       "type": "Point",
       "coordinates":  [ 121.5447425,25.05006338 ]
    },
    "properties": {
    "藥局名稱":"博荃藥局",
    "電話":"(02)27316736",
    "地址":"臺北市松山區敦化北路4巷51號"
    }
  },
  {
    "type": "Feature",
    "geometry": {
       "type": "Point",
       "coordinates":  [ 121.5584887,25.05870895 ]
    },
    "properties": {
    "藥局名稱":"家音藥局",
    "電話":"(02)37652080",
    "地址":"臺北市松山區民生東路五段73號"
    }
  },
  {
    "type": "Feature",
    "geometry": {
       "type": "Point",
       "coordinates":  [ 121.5654809,25.06128454 ]
    },
    "properties": {
    "藥局名稱":"中美藥局",
    "電話":"(02)27627468",
    "地址":"臺北市松山區富錦街531號"
    }
  },
  {
    "type": "Feature",
    "geometry": {
       "type": "Point",
       "coordinates":  [ 121.546113,25.05619819 ]
    },
    "properties": {
    "藥局名稱":"惠登藥局",
    "電話":"(02)25472432",
    "地址":"臺北市松山區民生東路3段130巷34號"
    }
  },
  {
    "type": "Feature",
    "geometry": {
       "type": "Point",
       "coordinates":  [ 121.55355,25.04700689 ]
    },
    "properties": {
    "藥局名稱":"松田藥局",
    "電話":"(02)25798005",
    "地址":"臺北市松山區延吉街9-6號"
    }
  },
  {
    "type": "Feature",
    "geometry": {
       "type": "Point",
       "coordinates":  [ 121.5649443,25.06118636 ]
    },
    "properties": {
    "藥局名稱":"予志藥局",
    "電話":"(02)27623522",
    "地址":"臺北市松山區富錦街521號"
    }
  },
  {
    "type": "Feature",
    "geometry": {
       "type": "Point",
       "coordinates":  [ 121.5766443,25.05020698 ]
    },
    "properties": {
    "藥局名稱":"婕登藥局",
    "電話":"(02)27482893",
    "地址":"臺北市松山區八德路4段699號"
    }
  },
  {
    "type": "Feature",
    "geometry": {
       "type": "Point",
       "coordinates":  [ 121.5553264,25.0491374 ]
    },
    "properties": {
    "藥局名稱":"晨安藥局",
    "電話":"(02)25798460",
    "地址":"臺北市松山區八德路三段155巷20弄2號"
    }
  },
  {
    "type": "Feature",
    "geometry": {
       "type": "Point",
       "coordinates":  [ 121.545925,25.04724223 ]
    },
    "properties": {
    "藥局名稱":"銘德藥局",
    "電話":"(02)27511833",
    "地址":"臺北市松山區八德路2段366巷28號"
    }
  },
  {
    "type": "Feature",
    "geometry": {
       "type": "Point",
       "coordinates":  [ 121.5581109,25.04811673 ]
    },
    "properties": {
    "藥局名稱":"立康大藥局",
    "電話":"(02)27471749",
    "地址":"臺北市松山區八德路四段2之1號"
    }
  },
  {
    "type": "Feature",
    "geometry": {
       "type": "Point",
       "coordinates":  [ 121.5760924,25.04979019 ]
    },
    "properties": {
    "藥局名稱":"躍獅松和藥局",
    "電話":"(02)27492569",
    "地址":"臺北市松山區八德路四段666之1號"
    }
  },
  {
    "type": "Feature",
    "geometry": {
       "type": "Point",
       "coordinates":  [ 121.5669451,25.05113968 ]
    },
    "properties": {
    "藥局名稱":"京東藥局",
    "電話":"(02)27679503",
    "地址":"臺北市松山區南京東路五段272號"
    }
  },
  {
    "type": "Feature",
    "geometry": {
       "type": "Point",
       "coordinates":  [ 121.5607609,25.04894395 ]
    },
    "properties": {
    "藥局名稱":"晨新藥局",
    "電話":"",
    "地址":"臺北市松山區八德路四段91巷1之1號"
    }
  },
  {
    "type": "Feature",
    "geometry": {
       "type": "Point",
       "coordinates":  [ 121.5562168,25.05619701 ]
    },
    "properties": {
    "藥局名稱":"綠之家藥局",
    "電話":"",
    "地址":"臺北市松山區延壽街428號"
    }
  },
  {
    "type": "Feature",
    "geometry": {
       "type": "Point",
       "coordinates":  [ 121.5662534,25.0523635 ]
    },
    "properties": {
    "藥局名稱":"康采藥局",
    "電話":"(02)22578649",
    "地址":"臺北市松山區南京東路五段291巷17之2號"
    }
  },
  {
    "type": "Feature",
    "geometry": {
       "type": "Point",
       "coordinates":  [ 121.5566366,25.04819629 ]
    },
    "properties": {
    "藥局名稱":"唯康藥局",
    "電話":"(02)25775000",
    "地址":"臺北市松山區八德路3段211號"
    }
  },
  {
    "type": "Feature",
    "geometry": {
       "type": "Point",
       "coordinates":  [ 121.5500336,25.05563366 ]
    },
    "properties": {
    "藥局名稱":"台北長庚維康藥局",
    "電話":"(02)27199386",
    "地址":"臺北市松山區敦化北路199巷2弄5號1樓"
    }
  },
  {
    "type": "Feature",
    "geometry": {
       "type": "Point",
       "coordinates":  [ 121.5548153,25.0479919 ]
    },
    "properties": {
    "藥局名稱":"芝欣藥局",
    "電話":"(02)25706677",
    "地址":"臺北市松山區八德路3段148號"
    }
  },
  {
    "type": "Feature",
    "geometry": {
       "type": "Point",
       "coordinates":  [ 121.547743,25.05944652 ]
    },
    "properties": {
    "藥局名稱":"立赫敦北藥局",
    "電話":"(02)27199277",
    "地址":"臺北市松山區敦化北路222巷20號"
    }
  },
  {
    "type": "Feature",
    "geometry": {
       "type": "Point",
       "coordinates":  [ 121.5669297,25.05931013 ]
    },
    "properties": {
    "藥局名稱":"健康活力藥師藥局",
    "電話":"(02)27455556",
    "地址":"臺北市松山區民生東路五段219號"
    }
  },
  {
    "type": "Feature",
    "geometry": {
       "type": "Point",
       "coordinates":  [ 121.5639568,25.04893714 ]
    },
    "properties": {
    "藥局名稱":"啄木鳥藥局",
    "電話":"(02)27422413",
    "地址":"臺北市松山區八德路四段209號(一、二層)、211號(一、二層)"
    }
  },
  {
    "type": "Feature",
    "geometry": {
       "type": "Point",
       "coordinates":  [ 121.5755287,25.05017841 ]
    },
    "properties": {
    "藥局名稱":"玖田藥局",
    "電話":"(02)27666578",
    "地址":"臺北市松山區八德路四段655號"
    }
  },
  {
    "type": "Feature",
    "geometry": {
       "type": "Point",
       "coordinates":  [ 121.5635238,25.05580069 ]
    },
    "properties": {
    "藥局名稱":"澄馨藥局",
    "電話":"(02)27589614",
    "地址":"臺北市松山區三民路37號"
    }
  },
  {
    "type": "Feature",
    "geometry": {
       "type": "Point",
       "coordinates":  [ 121.5666661,25.05155363 ]
    },
    "properties": {
    "藥局名稱":"一安正昇藥局",
    "電話":"(02)27680993",
    "地址":"臺北市松山區南京東路五段309號"
    }
  },
  {
    "type": "Feature",
    "geometry": {
       "type": "Point",
       "coordinates":  [ 121.5527172,25.04624327 ]
    },
    "properties": {
    "藥局名稱":"杏一延吉藥局",
    "電話":"(02)25798450",
    "地址":"臺北市松山區八德路3段74巷45弄1號1樓"
    }
  },
  {
    "type": "Feature",
    "geometry": {
       "type": "Point",
       "coordinates":  [ 121.5770352,25.05074271 ]
    },
    "properties": {
    "藥局名稱":"新德大藥局",
    "電話":"(02)27474473",
    "地址":"臺北市松山區饒河街204號"
    }
  },
  {
    "type": "Feature",
    "geometry": {
       "type": "Point",
       "coordinates":  [ 121.5659705,25.05716171 ]
    },
    "properties": {
    "藥局名稱":"光點延新藥局",
    "電話":"(02)27667795",
    "地址":"臺北市松山區延壽街101號"
    }
  },
  {
    "type": "Feature",
    "geometry": {
       "type": "Point",
       "coordinates":  [ 121.5500378,25.05568488 ]
    },
    "properties": {
    "藥局名稱":"杏一台北長庚藥局",
    "電話":"(02)25149463",
    "地址":"臺北市松山區敦化北路199巷2弄3號"
    }
  },
  {
    "type": "Feature",
    "geometry": {
       "type": "Point",
       "coordinates":  [ 121.5656249,25.06442948 ]
    },
    "properties": {
    "藥局名稱":"安禾大藥局",
    "電話":"(02)27602952",
    "地址":"臺北市松山區撫遠街382號"
    }
  },
  {
    "type": "Feature",
    "geometry": {
       "type": "Point",
       "coordinates":  [ 121.5521399,25.04567413 ]
    },
    "properties": {
    "藥局名稱":"巧心藥局",
    "電話":"(02)25703728",
    "地址":"臺北市松山區八德路3段12巷57弄39之3號1樓"
    }
  },
  {
    "type": "Feature",
    "geometry": {
       "type": "Point",
       "coordinates":  [ 121.5537055,25.04594889 ]
    },
    "properties": {
    "藥局名稱":"慶昌藥局",
    "電話":"(02)25770820",
    "地址":"臺北市松山區延吉街29號1樓"
    }
  },
  {
    "type": "Feature",
    "geometry": {
       "type": "Point",
       "coordinates":  [ 121.5524496,25.04684933 ]
    },
    "properties": {
    "藥局名稱":"順儷中崙藥局",
    "電話":"(02)25796900",
    "地址":"臺北市松山區八德路3段74巷48號1樓"
    }
  },
  {
    "type": "Feature",
    "geometry": {
       "type": "Point",
       "coordinates":  [ 121.5650468,25.0588484 ]
    },
    "properties": {
    "藥局名稱":"家育藥局",
    "電話":"(02)27678639",
    "地址":"臺北市松山區民生東路5段216號1樓"
    }
  },
  {
    "type": "Feature",
    "geometry": {
       "type": "Point",
       "coordinates":  [ 121.5596903,25.05880508 ]
    },
    "properties": {
    "藥局名稱":"佑翔藥局",
    "電話":"(02)87875070",
    "地址":"臺北市松山區民生東路5段95號1樓"
    }
  },
  {
    "type": "Feature",
    "geometry": {
       "type": "Point",
       "coordinates":  [ 121.5465282,25.04832767 ]
    },
    "properties": {
    "藥局名稱":"杏一台北台安藥局",
    "電話":"(02)87728295",
    "地址":"臺北市松山區八德路2段399號1樓"
    }
  },
  {
    "type": "Feature",
    "geometry": {
       "type": "Point",
       "coordinates":  [ 121.5442384,25.05105069 ]
    },
    "properties": {
    "藥局名稱":"全欣藥局",
    "電話":"(02)87729066",
    "地址":"臺北市松山區復興北路73號2樓"
    }
  },
  {
    "type": "Feature",
    "geometry": {
       "type": "Point",
       "coordinates":  [ 121.5464705,25.04832788 ]
    },
    "properties": {
    "藥局名稱":"駿俏藥局",
    "電話":"(02)87728085",
    "地址":"臺北市松山區八德路2段397號1樓"
    }
  },
  {
    "type": "Feature",
    "geometry": {
       "type": "Point",
       "coordinates":  [ 121.5662465,25.05200522 ]
    },
    "properties": {
    "藥局名稱":"佑全松山南京東藥局",
    "電話":"(02)27687807",
    "地址":"臺北市松山區南京東路5段291巷7號1樓"
    }
  },
  {
    "type": "Feature",
    "geometry": {
       "type": "Point",
       "coordinates":  [ 121.5453225,25.0520302 ]
    },
    "properties": {
    "藥局名稱":"豐澤藥局",
    "電話":"(02)27169636",
    "地址":"臺北市松山區南京東路3段269巷6之9號(1樓)"
    }
  },
  {
    "type": "Feature",
    "geometry": {
       "type": "Point",
       "coordinates":  [ 121.550072,25.051152 ]
    },
    "properties": {
    "藥局名稱":"南京春天藥局",
    "電話":"(02)27186155",
    "地址":"臺北市松山區南京東路4段139號(1樓)"
    }
  },
  {
    "type": "Feature",
    "geometry": {
       "type": "Point",
       "coordinates":  [ 121.5524947,25.0525084 ]
    },
    "properties": {
    "藥局名稱":"美仁藥局",
    "電話":"(02)27166112",
    "地址":"臺北市松山區健康路5之1號1樓"
    }
  },
  {
    "type": "Feature",
    "geometry": {
       "type": "Point",
       "coordinates":  [ 121.5607228,25.05345802 ]
    },
    "properties": {
    "藥局名稱":"誠康中西藥局",
    "電話":"(02)27619679",
    "地址":"臺北市松山區南京東路5段59巷31弄43號1樓"
    }
  },
  {
    "type": "Feature",
    "geometry": {
       "type": "Point",
       "coordinates":  [ 121.5601395,25.05877584 ]
    },
    "properties": {
    "藥局名稱":"大樹松山藥局",
    "電話":"(02)27562226",
    "地址":"臺北市松山區民生東路5段107號1樓"
    }
  },
  {
    "type": "Feature",
    "geometry": {
       "type": "Point",
       "coordinates":  [ 121.5466693,25.051984 ]
    },
    "properties": {
    "藥局名稱":"康麗藥局",
    "電話":"(02)27174117",
    "地址":"臺北市松山區南京東路3段303巷20號(1樓)"
    }
  },
  {
    "type": "Feature",
    "geometry": {
       "type": "Point",
       "coordinates":  [ 121.5549068,25.0533509 ]
    },
    "properties": {
    "藥局名稱":"達昌健康藥局",
    "電話":"(02)27125220",
    "地址":"臺北市松山區健康路100號(1樓)"
    }
  },
  {
    "type": "Feature",
    "geometry": {
       "type": "Point",
       "coordinates":  [ 121.5449855,25.06176721 ]
    },
    "properties": {
    "藥局名稱":"立健美中西藥局",
    "電話":"(02)25473929",
    "地址":"臺北市松山區民權東路3段106巷1號1樓"
    }
  },
  {
    "type": "Feature",
    "geometry": {
       "type": "Point",
       "coordinates":  [ 121.5535737,25.0455101 ]
    },
    "properties": {
    "藥局名稱":"吉仁藥局",
    "電話":"(02)25776115",
    "地址":"臺北市松山區延吉街44號1樓"
    }
  },
  {
    "type": "Feature",
    "geometry": {
       "type": "Point",
       "coordinates":  [ 121.5531673,25.05184566 ]
    },
    "properties": {
    "藥局名稱":"專品南京藥局",
    "電話":"(02)25147685",
    "地址":"臺北市松山區南京東路4段73號1樓"
    }
  },
  {
    "type": "Feature",
    "geometry": {
       "type": "Point",
       "coordinates":  [ 121.5556082,25.05843439 ]
    },
    "properties": {
    "藥局名稱":"欣生藥局",
    "電話":"(02)27567611",
    "地址":"臺北市松山區民生東路5段138巷1號(1樓)"
    }
  },
  {
    "type": "Feature",
    "geometry": {
       "type": "Point",
       "coordinates":  [ 121.5556082,25.05843439 ]
    },
    "properties": {
    "藥局名稱":"新東藥局",
    "電話":"(02)27656336",
    "地址":"臺北市松山區民生東路5段191號(1樓)"
    }
  },
  {
    "type": "Feature",
    "geometry": {
       "type": "Point",
       "coordinates":  [ 121.5553382,25.0481861 ]
    },
    "properties": {
    "藥局名稱":"萬芯中西藥局",
    "電話":"(02)25770519",
    "地址":"臺北市松山區八德路3段163號(1樓)"
    }
  },
  {
    "type": "Feature",
    "geometry": {
       "type": "Point",
       "coordinates":  [ 121.555653,25.0580788 ]
    },
    "properties": {
    "藥局名稱":"領悅藥局",
    "電話":"(02)25679951",
    "地址":"臺北市松山區民生東路4段117之1號(1樓)"
    }
  },
  {
    "type": "Feature",
    "geometry": {
       "type": "Point",
       "coordinates":  [ 121.5458879,25.03572592 ]
    },
    "properties": {
    "藥局名稱":"奇異果大安藥局",
    "電話":"(02)23250891",
    "地址":"臺北市大安區大安路1段190號"
    }
  },
  {
    "type": "Feature",
    "geometry": {
       "type": "Point",
       "coordinates":  [ 121.5500224,25.03424597 ]
    },
    "properties": {
    "藥局名稱":"康維健保藥局",
    "電話":"(02)27000120",
    "地址":"臺北市大安區敦化南路1段329巷15號"
    }
  },
  {
    "type": "Feature",
    "geometry": {
       "type": "Point",
       "coordinates":  [ 121.5447391,25.0249461 ]
    },
    "properties": {
    "藥局名稱":"威康藥局",
    "電話":"(02)27061149",
    "地址":"臺北市大安區和平東路2段297號"
    }
  },
  {
    "type": "Feature",
    "geometry": {
       "type": "Point",
       "coordinates":  [ 121.5512826,25.02298927 ]
    },
    "properties": {
    "藥局名稱":"專品六張犁藥局",
    "電話":"(02)87322226",
    "地址":"臺北市大安區基隆路2段217號1樓"
    }
  },
  {
    "type": "Feature",
    "geometry": {
       "type": "Point",
       "coordinates":  [ 121.5395782,25.02864779 ]
    },
    "properties": {
    "藥局名稱":"早安藥局",
    "電話":"(02)27002209",
    "地址":"臺北市大安區建國南路2段151巷42號1樓"
    }
  },
  {
    "type": "Feature",
    "geometry": {
       "type": "Point",
       "coordinates":  [ 121.5469927,25.02452694 ]
    },
    "properties": {
    "藥局名稱":"躍獅敦和藥局",
    "電話":"(02)23785767",
    "地址":"臺北市大安區和平東路3段10號"
    }
  },
  {
    "type": "Feature",
    "geometry": {
       "type": "Point",
       "coordinates":  [ 121.5539772,25.02901029 ]
    },
    "properties": {
    "藥局名稱":"弘昌藥局",
    "電話":"(02)27321616",
    "地址":"臺北市大安區通化街139號"
    }
  },
  {
    "type": "Feature",
    "geometry": {
       "type": "Point",
       "coordinates":  [ 121.5442928,25.03749754 ]
    },
    "properties": {
    "藥局名稱":"博醫仁愛藥局",
    "電話":"(02)27019107",
    "地址":"臺北市大安區仁愛路4段8巷2號1樓"
    }
  },
  {
    "type": "Feature",
    "geometry": {
       "type": "Point",
       "coordinates":  [ 121.5526808,25.03488056 ]
    },
    "properties": {
    "藥局名稱":"鎮安中西安和藥局",
    "電話":"(02)27015201",
    "地址":"臺北市大安區安和路1段123號1樓"
    }
  },
  {
    "type": "Feature",
    "geometry": {
       "type": "Point",
       "coordinates":  [ 121.52959,25.03008262 ]
    },
    "properties": {
    "藥局名稱":"十二願永藥局",
    "電話":"(02)33433553",
    "地址":"臺北市大安區永康街49號1樓"
    }
  },
  {
    "type": "Feature",
    "geometry": {
       "type": "Point",
       "coordinates":  [ 121.5492632,25.04247291 ]
    },
    "properties": {
    "藥局名稱":"佳鄰藥局",
    "電話":"(02)27211259",
    "地址":"臺北市大安區敦化南路1段191號地下之124至129"
    }
  },
  {
    "type": "Feature",
    "geometry": {
       "type": "Point",
       "coordinates":  [ 121.554487,25.03408233 ]
    },
    "properties": {
    "藥局名稱":"信義欣辰藥局",
    "電話":"",
    "地址":"臺北市大安區信義路4段265巷15號1樓"
    }
  },
  {
    "type": "Feature",
    "geometry": {
       "type": "Point",
       "coordinates":  [ 121.5449973,25.03354393 ]
    },
    "properties": {
    "藥局名稱":"中力信義藥局",
    "電話":"(02)23250266",
    "地址":"臺北市大安區信義路4段51號1樓"
    }
  },
  {
    "type": "Feature",
    "geometry": {
       "type": "Point",
       "coordinates":  [ 121.5516645,25.03939343 ]
    },
    "properties": {
    "藥局名稱":"伊生藥局",
    "電話":"(02)27755613",
    "地址":"臺北市大安區安和路1段21巷26號1樓"
    }
  },
  {
    "type": "Feature",
    "geometry": {
       "type": "Point",
       "coordinates":  [ 121.5459549,25.03142561 ]
    },
    "properties": {
    "藥局名稱":"宏大藥師藥局",
    "電話":"",
    "地址":"臺北市大安區大安路2段88號1樓"
    }
  },
  {
    "type": "Feature",
    "geometry": {
       "type": "Point",
       "coordinates":  [ 121.5334554,25.04200329 ]
    },
    "properties": {
    "藥局名稱":"康祥藥局",
    "電話":"(02)27817891",
    "地址":"臺北市大安區忠孝東路4段216巷21號1樓、216巷19弄2號(1樓)"
    }
  },
  {
    "type": "Feature",
    "geometry": {
       "type": "Point",
       "coordinates":  [ 121.5534066,25.02099519 ]
    },
    "properties": {
    "藥局名稱":"百立藥局",
    "電話":"(02)27327211",
    "地址":"臺北市大安區和平東路3段228巷66號1樓"
    }
  },
  {
    "type": "Feature",
    "geometry": {
       "type": "Point",
       "coordinates":  [ 121.5316651,25.0256171 ]
    },
    "properties": {
    "藥局名稱":"吉成藥局",
    "電話":"(02)23636475",
    "地址":"臺北市大安區泰順街7號（1樓）"
    }
  },
  {
    "type": "Feature",
    "geometry": {
       "type": "Point",
       "coordinates":  [ 121.5510403,25.04219107 ]
    },
    "properties": {
    "藥局名稱":"加佳藥局",
    "電話":"(02)27763759",
    "地址":"臺北市大安區忠孝東路4段181巷7弄5號1樓"
    }
  },
  {
    "type": "Feature",
    "geometry": {
       "type": "Point",
       "coordinates":  [ 121.5345834,25.040096 ]
    },
    "properties": {
    "藥局名稱":"昶青藥局",
    "電話":"(02)27515678",
    "地址":"臺北市大安區濟南路3段22之1號(1樓)"
    }
  },
  {
    "type": "Feature",
    "geometry": {
       "type": "Point",
       "coordinates":  [ 121.5542075,25.0337323 ]
    },
    "properties": {
    "藥局名稱":"吾家藥局",
    "電話":"(02)27066425",
    "地址":"臺北市大安區信義路4段265巷6之1號(1樓)"
    }
  },
  {
    "type": "Feature",
    "geometry": {
       "type": "Point",
       "coordinates":  [ 121.5574661,25.04081187 ]
    },
    "properties": {
    "藥局名稱":"康是美巨富藥局",
    "電話":"(02)27790474",
    "地址":"臺北市大安區光復南路238號1樓"
    }
  },
  {
    "type": "Feature",
    "geometry": {
       "type": "Point",
       "coordinates":  [ 121.5425603,25.04276758 ]
    },
    "properties": {
    "藥局名稱":"安東藥局",
    "電話":"(02)27114175",
    "地址":"臺北市大安區安東街50之5號1樓"
    }
  },
  {
    "type": "Feature",
    "geometry": {
       "type": "Point",
       "coordinates":  [ 121.526673,25.0229598 ]
    },
    "properties": {
    "藥局名稱":"頤品中西藥局",
    "電話":"(02)23685656",
    "地址":"臺北市大安區浦城街24之2號(1樓)"
    }
  },
  {
    "type": "Feature",
    "geometry": {
       "type": "Point",
       "coordinates":  [ 121.5412038,25.04113613 ]
    },
    "properties": {
    "藥局名稱":"美心藥局",
    "電話":"(02)27219900",
    "地址":"臺北市大安區忠孝東路3段248巷10號1樓"
    }
  },
  {
    "type": "Feature",
    "geometry": {
       "type": "Point",
       "coordinates":  [ 121.5280688,25.02109005 ]
    },
    "properties": {
    "藥局名稱":"博昱師大藥局",
    "電話":"(02)23696966",
    "地址":"臺北市大安區羅斯福路3段189號1樓"
    }
  },
  {
    "type": "Feature",
    "geometry": {
       "type": "Point",
       "coordinates":  [ 121.5476513,25.0266168 ]
    },
    "properties": {
    "藥局名稱":"博興藥局",
    "電話":"(02)23256668",
    "地址":"臺北市大安區四維路198巷28號(1樓)"
    }
  },
  {
    "type": "Feature",
    "geometry": {
       "type": "Point",
       "coordinates":  [ 121.5548779,25.03669773 ]
    },
    "properties": {
    "藥局名稱":"國泰藥局",
    "電話":"(02)27086221",
    "地址":"臺北市大安區仁愛路4段300巷17弄1號1樓"
    }
  },
  {
    "type": "Feature",
    "geometry": {
       "type": "Point",
       "coordinates":  [ 121.5513408,25.030017 ]
    },
    "properties": {
    "藥局名稱":"敦南春天藥局",
    "電話":"(02)27553266",
    "地址":"臺北市大安區敦化南路2段81巷63號(1樓)"
    }
  },
  {
    "type": "Feature",
    "geometry": {
       "type": "Point",
       "coordinates":  [ 121.53893,25.02898304 ]
    },
    "properties": {
    "藥局名稱":"安森藥局",
    "電話":"(02)27076003",
    "地址":"臺北市大安區信義路3段134巷100號1樓"
    }
  },
  {
    "type": "Feature",
    "geometry": {
       "type": "Point",
       "coordinates":  [ 121.5553014,25.0212069 ]
    },
    "properties": {
    "藥局名稱":"康是美安居藥局",
    "電話":"(02)87325064",
    "地址":"臺北市大安區安居街5號1樓、地下一層"
    }
  },
  {
    "type": "Feature",
    "geometry": {
       "type": "Point",
       "coordinates":  [ 121.528509,25.02270966 ]
    },
    "properties": {
    "藥局名稱":"師大藥局",
    "電話":"(02)23623479",
    "地址":"臺北市大安區師大路九十九號一樓"
    }
  },
  {
    "type": "Feature",
    "geometry": {
       "type": "Point",
       "coordinates":  [ 121.546722,25.03761956 ]
    },
    "properties": {
    "藥局名稱":"新廣生藥局",
    "電話":"(02)27071221",
    "地址":"臺北市大安區仁愛路4段34號"
    }
  },
  {
    "type": "Feature",
    "geometry": {
       "type": "Point",
       "coordinates":  [ 121.5532362,25.03014203 ]
    },
    "properties": {
    "藥局名稱":"徐榮三藥局",
    "電話":"(02)27383515",
    "地址":"臺北市大安區通安街八九號一樓"
    }
  },
  {
    "type": "Feature",
    "geometry": {
       "type": "Point",
       "coordinates":  [ 121.5292026,25.02256383 ]
    },
    "properties": {
    "藥局名稱":"順天堂藥局",
    "電話":"(02)23627149",
    "地址":"臺北市大安區龍泉街96號"
    }
  },
  {
    "type": "Feature",
    "geometry": {
       "type": "Point",
       "coordinates":  [ 121.5391987,25.02624458 ]
    },
    "properties": {
    "藥局名稱":"欣榮藥局",
    "電話":"(02)27023710",
    "地址":"臺北市大安區瑞安街二七０號一樓"
    }
  },
  {
    "type": "Feature",
    "geometry": {
       "type": "Point",
       "coordinates":  [ 121.5450594,25.04139165 ]
    },
    "properties": {
    "藥局名稱":"寶康大藥局",
    "電話":"(02)27217177",
    "地址":"臺北市大安區忠孝東路4段52號9樓"
    }
  },
  {
    "type": "Feature",
    "geometry": {
       "type": "Point",
       "coordinates":  [ 121.5556806,25.03531617 ]
    },
    "properties": {
    "藥局名稱":"青康藥局",
    "電話":"(02)27086623",
    "地址":"臺北市大安區延吉街二四八號一樓"
    }
  },
  {
    "type": "Feature",
    "geometry": {
       "type": "Point",
       "coordinates":  [ 121.5283029,25.025735 ]
    },
    "properties": {
    "藥局名稱":"太醫藥局",
    "電話":"(02)23685125",
    "地址":"臺北市大安區師大路12號(1樓)"
    }
  },
  {
    "type": "Feature",
    "geometry": {
       "type": "Point",
       "coordinates":  [ 121.5461126,25.03618795 ]
    },
    "properties": {
    "藥局名稱":"宏恩藥局",
    "電話":"(02)27000956",
    "地址":"臺北市大安區大安路一段一八一號一樓"
    }
  },
  {
    "type": "Feature",
    "geometry": {
       "type": "Point",
       "coordinates":  [ 121.5429214,25.02254142 ]
    },
    "properties": {
    "藥局名稱":"靜園藥局",
    "電話":"(02)27336390",
    "地址":"臺北市大安區和平東路2段118巷57之1號"
    }
  },
  {
    "type": "Feature",
    "geometry": {
       "type": "Point",
       "coordinates":  [ 121.5547915,25.04065739 ]
    },
    "properties": {
    "藥局名稱":"延吉大藥局",
    "電話":"(02)27819227",
    "地址":"臺北市大安區延吉街一五三號一樓"
    }
  },
  {
    "type": "Feature",
    "geometry": {
       "type": "Point",
       "coordinates":  [ 121.5558664,25.02099834 ]
    },
    "properties": {
    "藥局名稱":"北陸藥局",
    "電話":"(02)27323594",
    "地址":"臺北市大安區和平東路三段二七八號一樓"
    }
  },
  {
    "type": "Feature",
    "geometry": {
       "type": "Point",
       "coordinates":  [ 121.5435516,25.027216 ]
    },
    "properties": {
    "藥局名稱":"杏友藥局",
    "電話":"(02)27079451",
    "地址":"臺北市大安區復興南路二段一五一巷二五號"
    }
  },
  {
    "type": "Feature",
    "geometry": {
       "type": "Point",
       "coordinates":  [ 121.5326827,25.0182474 ]
    },
    "properties": {
    "藥局名稱":"燕福藥局",
    "電話":"(02)23627307",
    "地址":"臺北市大安區羅斯福路三段283巷14弄14號之3"
    }
  },
  {
    "type": "Feature",
    "geometry": {
       "type": "Point",
       "coordinates":  [ 121.5460635,25.0393976 ]
    },
    "properties": {
    "藥局名稱":"龍護大藥局",
    "電話":"(02)23250686",
    "地址":"臺北市大安區大安路一段二二四巷七號一樓"
    }
  },
  {
    "type": "Feature",
    "geometry": {
       "type": "Point",
       "coordinates":  [ 121.5523893,25.02512378 ]
    },
    "properties": {
    "藥局名稱":"寶德藥局",
    "電話":"(02)27364240",
    "地址":"臺北市大安區樂利路一０五號一樓"
    }
  },
  {
    "type": "Feature",
    "geometry": {
       "type": "Point",
       "coordinates":  [ 121.5517332,25.03010716 ]
    },
    "properties": {
    "藥局名稱":"泰佑藥局",
    "電話":"(02)27056841",
    "地址":"臺北市大安區安和路二段七二號一樓"
    }
  },
  {
    "type": "Feature",
    "geometry": {
       "type": "Point",
       "coordinates":  [ 121.5539181,25.0414821 ]
    },
    "properties": {
    "藥局名稱":"杏安堂藥局",
    "電話":"(02)27517636",
    "地址":"臺北市大安區忠孝東路四段七七巷三０號一樓"
    }
  },
  {
    "type": "Feature",
    "geometry": {
       "type": "Point",
       "coordinates":  [ 121.5427975,25.0226197 ]
    },
    "properties": {
    "藥局名稱":"四維藥局",
    "電話":"(02)27094222",
    "地址":"臺北市大安區復興南路二段一五一巷四三號一樓"
    }
  },
  {
    "type": "Feature",
    "geometry": {
       "type": "Point",
       "coordinates":  [ 121.5312952,25.01903094 ]
    },
    "properties": {
    "藥局名稱":"羅斯福藥局",
    "電話":"(02)23699606",
    "地址":"臺北市大安區羅斯福路3段283巷9弄3號"
    }
  },
  {
    "type": "Feature",
    "geometry": {
       "type": "Point",
       "coordinates":  [ 121.5391776,25.0251348 ]
    },
    "properties": {
    "藥局名稱":"赫慶藥局",
    "電話":"(02)27063497",
    "地址":"臺北市大安區瑞安街二０八巷一一弄五號一樓"
    }
  },
  {
    "type": "Feature",
    "geometry": {
       "type": "Point",
       "coordinates":  [ 121.554072,25.029318 ]
    },
    "properties": {
    "藥局名稱":"大興藥局",
    "電話":"(02)27053369",
    "地址":"臺北市大安區通化街三九巷五０弄一五號一樓"
    }
  },
  {
    "type": "Feature",
    "geometry": {
       "type": "Point",
       "coordinates":  [ 121.5530635,25.0399669 ]
    },
    "properties": {
    "藥局名稱":"永誠藥局",
    "電話":"(02)27520273",
    "地址":"臺北市大安區忠孝東路4段216巷25之1號"
    }
  },
  {
    "type": "Feature",
    "geometry": {
       "type": "Point",
       "coordinates":  [ 121.554072,25.029318 ]
    },
    "properties": {
    "藥局名稱":"正昌藥局",
    "電話":"(02)27540070",
    "地址":"臺北市大安區通化街三八巷九號一樓"
    }
  },
  {
    "type": "Feature",
    "geometry": {
       "type": "Point",
       "coordinates":  [ 121.5543423,25.02174207 ]
    },
    "properties": {
    "藥局名稱":"建如藥局",
    "電話":"(02)27331456",
    "地址":"臺北市大安區和平東路三段２２８巷１１號１樓"
    }
  },
  {
    "type": "Feature",
    "geometry": {
       "type": "Point",
       "coordinates":  [ 121.546163,25.02486892 ]
    },
    "properties": {
    "藥局名稱":"台安藥局",
    "電話":"(02)27549099",
    "地址":"臺北市大安區和平東路二段三五三號一樓"
    }
  },
  {
    "type": "Feature",
    "geometry": {
       "type": "Point",
       "coordinates":  [ 121.5381808,25.0417673 ]
    },
    "properties": {
    "藥局名稱":"生光藥局",
    "電話":"(02)27780862",
    "地址":"臺北市大安區忠孝東路三段二四八巷二號"
    }
  },
  {
    "type": "Feature",
    "geometry": {
       "type": "Point",
       "coordinates":  [ 121.5540705,25.0413474 ]
    },
    "properties": {
    "藥局名稱":"千福藥局",
    "電話":"(02)27403767",
    "地址":"臺北市大安區忠孝東路四段四十五號地下二樓"
    }
  },
  {
    "type": "Feature",
    "geometry": {
       "type": "Point",
       "coordinates":  [ 121.5289946,25.03289118 ]
    },
    "properties": {
    "藥局名稱":"永康藥局",
    "電話":"(02)23279362",
    "地址":"臺北市大安區麗水街6之2號"
    }
  },
  {
    "type": "Feature",
    "geometry": {
       "type": "Point",
       "coordinates":  [ 121.5460607,25.0436955 ]
    },
    "properties": {
    "藥局名稱":"祥瑞中西大藥局",
    "電話":"(02)27752551",
    "地址":"臺北市大安區復興南路1段107巷49號"
    }
  },
  {
    "type": "Feature",
    "geometry": {
       "type": "Point",
       "coordinates":  [ 121.5294068,25.03315405 ]
    },
    "properties": {
    "藥局名稱":"世中欣藥局",
    "電話":"(02)23938947",
    "地址":"臺北市大安區永康街2巷8號"
    }
  },
  {
    "type": "Feature",
    "geometry": {
       "type": "Point",
       "coordinates":  [ 121.540265,25.04125473 ]
    },
    "properties": {
    "藥局名稱":"加豐藥局",
    "電話":"(02)27219678",
    "地址":"臺北市大安區忠孝東路三段216巷3弄1號1樓"
    }
  },
  {
    "type": "Feature",
    "geometry": {
       "type": "Point",
       "coordinates":  [ 121.5435422,25.0418867 ]
    },
    "properties": {
    "藥局名稱":"崇光藥局",
    "電話":"(02)27217958",
    "地址":"臺北市大安區忠孝東路3段305號7樓之3"
    }
  },
  {
    "type": "Feature",
    "geometry": {
       "type": "Point",
       "coordinates":  [ 121.5519842,25.0310315 ]
    },
    "properties": {
    "藥局名稱":"大愛健康藥局",
    "電話":"(02)27092156",
    "地址":"臺北市大安區敦化南路2段63巷65號"
    }
  },
  {
    "type": "Feature",
    "geometry": {
       "type": "Point",
       "coordinates":  [ 121.5430571,25.04121175 ]
    },
    "properties": {
    "藥局名稱":"千瑞藥局",
    "電話":"(02)77450558",
    "地址":"臺北市大安區忠孝東路三段300號B3"
    }
  },
  {
    "type": "Feature",
    "geometry": {
       "type": "Point",
       "coordinates":  [ 121.5290384,25.03224576 ]
    },
    "properties": {
    "藥局名稱":"麗樺藥師藥局",
    "電話":"(02)23952628",
    "地址":"臺北市大安區麗水街3號"
    }
  },
  {
    "type": "Feature",
    "geometry": {
       "type": "Point",
       "coordinates":  [ 121.5519413,25.03433167 ]
    },
    "properties": {
    "藥局名稱":"安和藥局",
    "電話":"(02)27092349",
    "地址":"臺北市大安區安和路一段102巷3 號"
    }
  },
  {
    "type": "Feature",
    "geometry": {
       "type": "Point",
       "coordinates":  [ 121.5561296,25.03708261 ]
    },
    "properties": {
    "藥局名稱":"佑安藥局",
    "電話":"(02)27069339",
    "地址":"臺北市大安區延吉街233巷9號"
    }
  },
  {
    "type": "Feature",
    "geometry": {
       "type": "Point",
       "coordinates":  [ 121.5457872,25.04349353 ]
    },
    "properties": {
    "藥局名稱":"弘昇藥局",
    "電話":"(02)27110061",
    "地址":"臺北市大安區復興南路一段107巷32號"
    }
  },
  {
    "type": "Feature",
    "geometry": {
       "type": "Point",
       "coordinates":  [ 121.5530583,25.0382044 ]
    },
    "properties": {
    "藥局名稱":"長虹藥局",
    "電話":"(02)27210232",
    "地址":"臺北市大安區忠孝東路4段216巷63號"
    }
  },
  {
    "type": "Feature",
    "geometry": {
       "type": "Point",
       "coordinates":  [ 121.5411931,25.02297057 ]
    },
    "properties": {
    "藥局名稱":"惠盈藥局",
    "電話":"(02)87321366",
    "地址":"臺北市大安區辛亥路二段171巷31號"
    }
  },
  {
    "type": "Feature",
    "geometry": {
       "type": "Point",
       "coordinates":  [ 121.5463195,25.03730778 ]
    },
    "properties": {
    "藥局名稱":"聯合仁愛藥局",
    "電話":"(02)27039269",
    "地址":"臺北市大安區大安路1段157巷3號"
    }
  },
  {
    "type": "Feature",
    "geometry": {
       "type": "Point",
       "coordinates":  [ 121.5548764,25.02190607 ]
    },
    "properties": {
    "藥局名稱":"一心藥局",
    "電話":"(02)27321818",
    "地址":"臺北市大安區和平東路3段238號"
    }
  },
  {
    "type": "Feature",
    "geometry": {
       "type": "Point",
       "coordinates":  [ 121.5501167,25.0339228 ]
    },
    "properties": {
    "藥局名稱":"信安健康藥局",
    "電話":"(02)27084858",
    "地址":"臺北市大安區仁愛路4段122巷58號"
    }
  },
  {
    "type": "Feature",
    "geometry": {
       "type": "Point",
       "coordinates":  [ 121.5463924,25.04302908 ]
    },
    "properties": {
    "藥局名稱":"新富川藥局",
    "電話":"(02)27114758",
    "地址":"臺北市大安區大安路1段51巷4號"
    }
  },
  {
    "type": "Feature",
    "geometry": {
       "type": "Point",
       "coordinates":  [ 121.5539971,25.03654169 ]
    },
    "properties": {
    "藥局名稱":"聖英藥局",
    "電話":"(02)27055851",
    "地址":"臺北市大安區仁愛路4段266巷15弄18號"
    }
  },
  {
    "type": "Feature",
    "geometry": {
       "type": "Point",
       "coordinates":  [ 121.5338278,25.03455197 ]
    },
    "properties": {
    "藥局名稱":"元氣生活健保藥局",
    "電話":"(02)27060580",
    "地址":"臺北市大安區新生南路1段161巷6號"
    }
  },
  {
    "type": "Feature",
    "geometry": {
       "type": "Point",
       "coordinates":  [ 121.5382105,25.03480596 ]
    },
    "properties": {
    "藥局名稱":"康乃馨藥局",
    "電話":"(02)23257097",
    "地址":"臺北市大安區建國南路1段327號"
    }
  },
  {
    "type": "Feature",
    "geometry": {
       "type": "Point",
       "coordinates":  [ 121.5556048,25.03549166 ]
    },
    "properties": {
    "藥局名稱":"世康藥局",
    "電話":"(02)27015758",
    "地址":"臺北市大安區延吉街246號"
    }
  },
  {
    "type": "Feature",
    "geometry": {
       "type": "Point",
       "coordinates":  [ 121.5507273,25.02461534 ]
    },
    "properties": {
    "藥局名稱":"惠良藥局",
    "電話":"(02)27387872",
    "地址":"臺北市大安區和平東路3段93之1號"
    }
  },
  {
    "type": "Feature",
    "geometry": {
       "type": "Point",
       "coordinates":  [ 121.5470335,25.02831743 ]
    },
    "properties": {
    "藥局名稱":"愛維康生活藥局",
    "電話":"(02)27059791",
    "地址":"臺北市大安區四維路170巷21號"
    }
  },
  {
    "type": "Feature",
    "geometry": {
       "type": "Point",
       "coordinates":  [ 121.5236912,25.02572337 ]
    },
    "properties": {
    "藥局名稱":"古亭健康人生藥局",
    "電話":"(02)23660895",
    "地址":"臺北市大安區羅斯福路二段83號"
    }
  },
  {
    "type": "Feature",
    "geometry": {
       "type": "Point",
       "coordinates":  [ 121.5406467,25.02866098 ]
    },
    "properties": {
    "藥局名稱":"杏一瑞安藥局",
    "電話":"(02)27096710",
    "地址":"臺北市大安區瑞安街208巷11弄1號"
    }
  },
  {
    "type": "Feature",
    "geometry": {
       "type": "Point",
       "coordinates":  [ 121.5427315,25.02516843 ]
    },
    "properties": {
    "藥局名稱":"好安心藥局",
    "電話":"(02)23772166",
    "地址":"臺北市大安區和平東路二段223號1樓"
    }
  },
  {
    "type": "Feature",
    "geometry": {
       "type": "Point",
       "coordinates":  [ 121.5495794,25.03642174 ]
    },
    "properties": {
    "藥局名稱":"中山樂方藥局",
    "電話":"(02)27050622",
    "地址":"臺北市大安區仁愛路四段112巷12號"
    }
  },
  {
    "type": "Feature",
    "geometry": {
       "type": "Point",
       "coordinates":  [ 121.5389314,25.04187632 ]
    },
    "properties": {
    "藥局名稱":"誠心藥局",
    "電話":"",
    "地址":"臺北市大安區忠孝東路3段199之1號"
    }
  },
  {
    "type": "Feature",
    "geometry": {
       "type": "Point",
       "coordinates":  [ 121.5549354,25.02085624 ]
    },
    "properties": {
    "藥局名稱":"安居藥局",
    "電話":"(02)23773537",
    "地址":"臺北市大安區安居街19號"
    }
  },
  {
    "type": "Feature",
    "geometry": {
       "type": "Point",
       "coordinates":  [ 121.536221,25.02566385 ]
    },
    "properties": {
    "藥局名稱":"躍獅新生藥局",
    "電話":"(02)23623367",
    "地址":"臺北市大安區和平東路二段20號"
    }
  },
  {
    "type": "Feature",
    "geometry": {
       "type": "Point",
       "coordinates":  [ 121.5525685,25.03062665 ]
    },
    "properties": {
    "藥局名稱":"博大藥局",
    "電話":"(02)27027858",
    "地址":"臺北市大安區安和路2段65號"
    }
  },
  {
    "type": "Feature",
    "geometry": {
       "type": "Point",
       "coordinates":  [ 121.5468686,25.03819422 ]
    },
    "properties": {
    "藥局名稱":"博昱仁愛藥局",
    "電話":"(02)87739258",
    "地址":"臺北市大安區仁愛路4段65號"
    }
  },
  {
    "type": "Feature",
    "geometry": {
       "type": "Point",
       "coordinates":  [ 121.5443991,25.04356503 ]
    },
    "properties": {
    "藥局名稱":"忠孝康承健保藥局",
    "電話":"(02)87733378",
    "地址":"臺北市大安區復興南路1段107巷4號"
    }
  },
  {
    "type": "Feature",
    "geometry": {
       "type": "Point",
       "coordinates":  [ 121.5344583,25.03400663 ]
    },
    "properties": {
    "藥局名稱":"微笑藥師藥局",
    "電話":"(02)27009655",
    "地址":"臺北市大安區信義路3段31巷4號"
    }
  },
  {
    "type": "Feature",
    "geometry": {
       "type": "Point",
       "coordinates":  [ 121.5573747,25.03618432 ]
    },
    "properties": {
    "藥局名稱":"明星大藥局",
    "電話":"(02)27023747",
    "地址":"臺北市大安區光復南路430之1號"
    }
  },
  {
    "type": "Feature",
    "geometry": {
       "type": "Point",
       "coordinates":  [ 121.5536198,25.03654728 ]
    },
    "properties": {
    "藥局名稱":"國泰維康藥局",
    "電話":"(02)27542185",
    "地址":"臺北市大安區仁愛路4段266巷15弄12號1樓、14號1樓"
    }
  },
  {
    "type": "Feature",
    "geometry": {
       "type": "Point",
       "coordinates":  [ 121.5311519,25.02338582 ]
    },
    "properties": {
    "藥局名稱":"奇威藥局",
    "電話":"(02)23651110",
    "地址":"臺北市大安區雲和街93號"
    }
  },
  {
    "type": "Feature",
    "geometry": {
       "type": "Point",
       "coordinates":  [ 121.5452195,25.02511373 ]
    },
    "properties": {
    "藥局名稱":"百岳藥局",
    "電話":"(02)27551037",
    "地址":"臺北市大安區和平東路二段311巷11號"
    }
  },
  {
    "type": "Feature",
    "geometry": {
       "type": "Point",
       "coordinates":  [ 121.5447423,25.03315881 ]
    },
    "properties": {
    "藥局名稱":"大安健康人生藥局",
    "電話":"(02)27025553",
    "地址":"臺北市大安區信義路4段34號"
    }
  },
  {
    "type": "Feature",
    "geometry": {
       "type": "Point",
       "coordinates":  [ 121.55295,25.01997791 ]
    },
    "properties": {
    "藥局名稱":"博昱大藥局",
    "電話":"(02)23776199",
    "地址":"臺北市大安區樂業街148號、150號"
    }
  },
  {
    "type": "Feature",
    "geometry": {
       "type": "Point",
       "coordinates":  [ 121.5510939,25.0183433 ]
    },
    "properties": {
    "藥局名稱":"仁華藥局",
    "電話":"(02)27336762",
    "地址":"臺北市大安區臥龍街155號"
    }
  },
  {
    "type": "Feature",
    "geometry": {
       "type": "Point",
       "coordinates":  [ 121.5439977,25.02831947 ]
    },
    "properties": {
    "藥局名稱":"麗泰藥局",
    "電話":"(02)27079595",
    "地址":"臺北市大安區復興南路2段151巷4號"
    }
  },
  {
    "type": "Feature",
    "geometry": {
       "type": "Point",
       "coordinates":  [ 121.5534591,25.01958538 ]
    },
    "properties": {
    "藥局名稱":"杏一樂業藥局",
    "電話":"(02)27383194",
    "地址":"臺北市大安區樂業街162號"
    }
  },
  {
    "type": "Feature",
    "geometry": {
       "type": "Point",
       "coordinates":  [ 121.5531849,25.03655373 ]
    },
    "properties": {
    "藥局名稱":"杏一台北國泰藥局",
    "電話":"(02)27011785",
    "地址":"臺北市大安區仁愛路4段266巷15弄4號"
    }
  },
  {
    "type": "Feature",
    "geometry": {
       "type": "Point",
       "coordinates":  [ 121.494213,25.02752823 ]
    },
    "properties": {
    "藥局名稱":"長泰藥局",
    "電話":"(02)23012869",
    "地址":"臺北市萬華區西園路二段２８０號"
    }
  },
  {
    "type": "Feature",
    "geometry": {
       "type": "Point",
       "coordinates":  [ 121.497344,25.02418889 ]
    },
    "properties": {
    "藥局名稱":"世欣藥局",
    "電話":"(02)23074263",
    "地址":"臺北市萬華區東園街173號一樓"
    }
  },
  {
    "type": "Feature",
    "geometry": {
       "type": "Point",
       "coordinates":  [ 121.5007014,25.0296786 ]
    },
    "properties": {
    "藥局名稱":"裕和藥局",
    "電話":"(02)23063219",
    "地址":"臺北市萬華區萬大路１１５、１１７號"
    }
  },
  {
    "type": "Feature",
    "geometry": {
       "type": "Point",
       "coordinates":  [ 121.5061473,25.04669321 ]
    },
    "properties": {
    "藥局名稱":"秀全藥局",
    "電話":"(02)23312192",
    "地址":"臺北市萬華區開封街二段66－３號"
    }
  },
  {
    "type": "Feature",
    "geometry": {
       "type": "Point",
       "coordinates":  [ 121.4973541,25.0363184 ]
    },
    "properties": {
    "藥局名稱":"大嘉藥局",
    "電話":"(02)23363804",
    "地址":"臺北市萬華區梧州街46巷6號"
    }
  },
  {
    "type": "Feature",
    "geometry": {
       "type": "Point",
       "coordinates":  [ 121.5025003,25.03994911 ]
    },
    "properties": {
    "藥局名稱":"生活大藥局",
    "電話":"(02)23618609",
    "地址":"臺北市萬華區貴陽街二段124號"
    }
  },
  {
    "type": "Feature",
    "geometry": {
       "type": "Point",
       "coordinates":  [ 121.4932563,25.03396192 ]
    },
    "properties": {
    "藥局名稱":"民鈺藥局",
    "電話":"(02)23028466",
    "地址":"臺北市萬華區環河南路二段１３９號１樓"
    }
  },
  {
    "type": "Feature",
    "geometry": {
       "type": "Point",
       "coordinates":  [ 121.501626,25.02278961 ]
    },
    "properties": {
    "藥局名稱":"皇祥藥局",
    "電話":"(02)23375676",
    "地址":"臺北市萬華區萬青街１６５號１樓"
    }
  },
  {
    "type": "Feature",
    "geometry": {
       "type": "Point",
       "coordinates":  [ 121.4946435,25.0279788 ]
    },
    "properties": {
    "藥局名稱":"安聖藥局",
    "電話":"(02)23037620",
    "地址":"臺北市萬華區西園路二段２５６號一樓"
    }
  },
  {
    "type": "Feature",
    "geometry": {
       "type": "Point",
       "coordinates":  [ 121.5002582,25.02495334 ]
    },
    "properties": {
    "藥局名稱":"聯慶大藥局",
    "電話":"(02)23039850",
    "地址":"臺北市萬華區萬大路306號"
    }
  },
  {
    "type": "Feature",
    "geometry": {
       "type": "Point",
       "coordinates":  [ 121.5051628,25.02581277 ]
    },
    "properties": {
    "藥局名稱":"信義藥局",
    "電話":"(02)23074599",
    "地址":"臺北市萬華區青年路２８號"
    }
  },
  {
    "type": "Feature",
    "geometry": {
       "type": "Point",
       "coordinates":  [ 121.4938512,25.03211666 ]
    },
    "properties": {
    "藥局名稱":"益源藥局",
    "電話":"(02)23087321",
    "地址":"臺北市萬華區大理街１６０巷２６弄２號"
    }
  },
  {
    "type": "Feature",
    "geometry": {
       "type": "Point",
       "coordinates":  [ 121.4983487,25.0217366 ]
    },
    "properties": {
    "藥局名稱":"欣安藥局",
    "電話":"(02)2265758",
    "地址":"臺北市萬華區東園街190、192號"
    }
  },
  {
    "type": "Feature",
    "geometry": {
       "type": "Point",
       "coordinates":  [ 121.5061865,25.04594517 ]
    },
    "properties": {
    "藥局名稱":"新六福藥局",
    "電話":"(02)23315101",
    "地址":"臺北市萬華區漢口街二段５５號一樓"
    }
  },
  {
    "type": "Feature",
    "geometry": {
       "type": "Point",
       "coordinates":  [ 121.5015153,25.03625733 ]
    },
    "properties": {
    "藥局名稱":"三源藥局",
    "電話":"(02)23022111",
    "地址":"臺北市萬華區康定路197號"
    }
  },
  {
    "type": "Feature",
    "geometry": {
       "type": "Point",
       "coordinates":  [ 121.4975279,25.02344574 ]
    },
    "properties": {
    "藥局名稱":"照安藥局",
    "電話":"(02)23039645",
    "地址":"臺北市萬華區東園街144號"
    }
  },
  {
    "type": "Feature",
    "geometry": {
       "type": "Point",
       "coordinates":  [ 121.50552,25.02592097 ]
    },
    "properties": {
    "藥局名稱":"康之友藥局",
    "電話":"(02)23011598",
    "地址":"臺北市萬華區青年路20號"
    }
  },
  {
    "type": "Feature",
    "geometry": {
       "type": "Point",
       "coordinates":  [ 121.5014092,25.03566054 ]
    },
    "properties": {
    "藥局名稱":"仁仁藥局",
    "電話":"",
    "地址":"臺北市萬華區康定路219號"
    }
  },
  {
    "type": "Feature",
    "geometry": {
       "type": "Point",
       "coordinates":  [ 121.4919225,25.03246558 ]
    },
    "properties": {
    "藥局名稱":"健誠大藥局",
    "電話":"(02)23042223",
    "地址":"臺北市萬華區環河南路二段185號"
    }
  },
  {
    "type": "Feature",
    "geometry": {
       "type": "Point",
       "coordinates":  [ 121.4945818,25.02784307 ]
    },
    "properties": {
    "藥局名稱":"躍獅西園藥局",
    "電話":"(02)23094063",
    "地址":"臺北市萬華區西園路二段260號"
    }
  },
  {
    "type": "Feature",
    "geometry": {
       "type": "Point",
       "coordinates":  [ 121.4986212,25.03664504 ]
    },
    "properties": {
    "藥局名稱":"吉安藥局",
    "電話":"(02)23085268",
    "地址":"臺北市萬華區廣州街182號"
    }
  },
  {
    "type": "Feature",
    "geometry": {
       "type": "Point",
       "coordinates":  [ 121.5005627,25.02518754 ]
    },
    "properties": {
    "藥局名稱":"好視多藥局",
    "電話":"(02)23018100",
    "地址":"臺北市萬華區萬大路285號"
    }
  },
  {
    "type": "Feature",
    "geometry": {
       "type": "Point",
       "coordinates":  [ 121.5051287,25.04061736 ]
    },
    "properties": {
    "藥局名稱":"專品藥局",
    "電話":"(02)23718892",
    "地址":"臺北市萬華區長沙街二段71之1號"
    }
  },
  {
    "type": "Feature",
    "geometry": {
       "type": "Point",
       "coordinates":  [ 121.503312,25.02965672 ]
    },
    "properties": {
    "藥局名稱":"偉安藥局",
    "電話":"(02)23037186",
    "地址":"臺北市萬華區西藏路109號"
    }
  },
  {
    "type": "Feature",
    "geometry": {
       "type": "Point",
       "coordinates":  [ 121.5003148,25.0262573 ]
    },
    "properties": {
    "藥局名稱":"萬華藥局",
    "電話":"(02)23012221",
    "地址":"臺北市萬華區萬大路248號(實際營業地址:1樓、2樓)"
    }
  },
  {
    "type": "Feature",
    "geometry": {
       "type": "Point",
       "coordinates":  [ 121.4964988,25.02569571 ]
    },
    "properties": {
    "藥局名稱":"萬華健業藥局",
    "電話":"",
    "地址":"臺北市萬華區東園街68之3號"
    }
  },
  {
    "type": "Feature",
    "geometry": {
       "type": "Point",
       "coordinates":  [ 121.492362,25.03295505 ]
    },
    "properties": {
    "藥局名稱":"華達藥局",
    "電話":"(02)23082785",
    "地址":"臺北市萬華區環河南路二段171號"
    }
  },
  {
    "type": "Feature",
    "geometry": {
       "type": "Point",
       "coordinates":  [ 121.5005949,25.02649133 ]
    },
    "properties": {
    "藥局名稱":"榮勝藥局",
    "電話":"(02)23331121",
    "地址":"臺北市萬華區萬大路233號"
    }
  },
  {
    "type": "Feature",
    "geometry": {
       "type": "Point",
       "coordinates":  [ 121.5015709,25.04017105 ]
    },
    "properties": {
    "藥局名稱":"安誠貴陽藥局",
    "電話":"(02)23812190",
    "地址":"臺北市萬華區貴陽街二段148號"
    }
  },
  {
    "type": "Feature",
    "geometry": {
       "type": "Point",
       "coordinates":  [ 121.5034072,25.04152536 ]
    },
    "properties": {
    "藥局名稱":"千誠北護藥局",
    "電話":"(02)23123530",
    "地址":"臺北市萬華區內江街114號"
    }
  },
  {
    "type": "Feature",
    "geometry": {
       "type": "Point",
       "coordinates":  [ 121.5006542,25.0372271 ]
    },
    "properties": {
    "藥局名稱":"松本藥局",
    "電話":"(02)23029559",
    "地址":"臺北市萬華區西昌街233號"
    }
  },
  {
    "type": "Feature",
    "geometry": {
       "type": "Point",
       "coordinates":  [ 121.501673,25.02944337 ]
    },
    "properties": {
    "藥局名稱":"柏祥藥局",
    "電話":"(02)23018272",
    "地址":"臺北市萬華區西藏路141號"
    }
  },
  {
    "type": "Feature",
    "geometry": {
       "type": "Point",
       "coordinates":  [ 121.5063996,25.02707678 ]
    },
    "properties": {
    "藥局名稱":"正盛藥局",
    "電話":"(02)23050386",
    "地址":"臺北市萬華區中華路2段434之1號"
    }
  },
  {
    "type": "Feature",
    "geometry": {
       "type": "Point",
       "coordinates":  [ 121.4920393,25.03259286 ]
    },
    "properties": {
    "藥局名稱":"啟仁藥局",
    "電話":"(02)23362771",
    "地址":"臺北市萬華區環河南路2段177號"
    }
  },
  {
    "type": "Feature",
    "geometry": {
       "type": "Point",
       "coordinates":  [ 121.4974998,25.03569378 ]
    },
    "properties": {
    "藥局名稱":"恩達藥局",
    "電話":"(02)23024467",
    "地址":"臺北市萬華區梧州街64號"
    }
  },
  {
    "type": "Feature",
    "geometry": {
       "type": "Point",
       "coordinates":  [ 121.4981143,25.02095991 ]
    },
    "properties": {
    "藥局名稱":"富安藥局",
    "電話":"(02)23377878",
    "地址":"臺北市萬華區萬大路426號"
    }
  },
  {
    "type": "Feature",
    "geometry": {
       "type": "Point",
       "coordinates":  [ 121.4935371,25.02698226 ]
    },
    "properties": {
    "藥局名稱":"和德藥局",
    "電話":"(02)23331522",
    "地址":"臺北市萬華區西園路2段292號1樓"
    }
  },
  {
    "type": "Feature",
    "geometry": {
       "type": "Point",
       "coordinates":  [ 121.5034385,25.0296298 ]
    },
    "properties": {
    "藥局名稱":"艾米力藥師藥局",
    "電話":"(02)23036583",
    "地址":"臺北市萬華區西藏路107之2號(1樓)"
    }
  },
  {
    "type": "Feature",
    "geometry": {
       "type": "Point",
       "coordinates":  [ 121.5007326,25.038821 ]
    },
    "properties": {
    "藥局名稱":"企鵝藥局",
    "電話":"(02)23884691",
    "地址":"臺北市萬華區西昌街175號(1樓)"
    }
  },
  {
    "type": "Feature",
    "geometry": {
       "type": "Point",
       "coordinates":  [ 121.5050305,25.04060139 ]
    },
    "properties": {
    "藥局名稱":"康是美長沙藥局",
    "電話":"(02)23121661",
    "地址":"臺北市萬華區長沙街2段73號1樓、2樓"
    }
  },
  {
    "type": "Feature",
    "geometry": {
       "type": "Point",
       "coordinates":  [ 121.5003694,25.03835242 ]
    },
    "properties": {
    "藥局名稱":"五洞桃藥局",
    "電話":"",
    "地址":"臺北市萬華區桂林路92號1樓"
    }
  },
  {
    "type": "Feature",
    "geometry": {
       "type": "Point",
       "coordinates":  [ 121.4987343,25.02140471 ]
    },
    "properties": {
    "藥局名稱":"康是美萬鑫藥局",
    "電話":"(02)23058048",
    "地址":"臺北市萬華區萬大路425之1號1樓、夾層及地下1樓"
    }
  },
  {
    "type": "Feature",
    "geometry": {
       "type": "Point",
       "coordinates":  [ 121.5004014,25.03037794 ]
    },
    "properties": {
    "藥局名稱":"福澤萬大藥局",
    "電話":"(02)23087468",
    "地址":"臺北市萬華區萬大路88號1樓"
    }
  },
  {
    "type": "Feature",
    "geometry": {
       "type": "Point",
       "coordinates":  [ 121.4987695,25.03542697 ]
    },
    "properties": {
    "藥局名稱":"日森人文藥局",
    "電話":"(02)23082100",
    "地址":"臺北市萬華區和平西路3段149號1樓"
    }
  },
  {
    "type": "Feature",
    "geometry": {
       "type": "Point",
       "coordinates":  [ 121.5041637,25.02550376 ]
    },
    "properties": {
    "藥局名稱":"青年宏越藥局",
    "電話":"(02)23011037",
    "地址":"臺北市萬華區青年路44號1樓"
    }
  },
  {
    "type": "Feature",
    "geometry": {
       "type": "Point",
       "coordinates":  [ 121.4942381,25.02713788 ]
    },
    "properties": {
    "藥局名稱":"西園宏越藥局",
    "電話":"(02)23097336",
    "地址":"臺北市萬華區西園路2段213號1樓"
    }
  },
  {
    "type": "Feature",
    "geometry": {
       "type": "Point",
       "coordinates":  [ 121.5054251,25.0274856 ]
    },
    "properties": {
    "藥局名稱":"南機場中西藥局",
    "電話":"(02)23035179",
    "地址":"臺北市萬華區國興路104號(1樓)"
    }
  },
  {
    "type": "Feature",
    "geometry": {
       "type": "Point",
       "coordinates":  [ 121.5016116,25.01987352 ]
    },
    "properties": {
    "藥局名稱":"建和藥局",
    "電話":"(02)23010838",
    "地址":"臺北市萬華區青年路１６８巷４４號"
    }
  },
  {
    "type": "Feature",
    "geometry": {
       "type": "Point",
       "coordinates":  [ 121.5013757,25.03546577 ]
    },
    "properties": {
    "藥局名稱":"厚元藥局",
    "電話":"(02)23027883",
    "地址":"臺北市萬華區康定路２２７號"
    }
  },
  {
    "type": "Feature",
    "geometry": {
       "type": "Point",
       "coordinates":  [ 121.5031725,25.03648594 ]
    },
    "properties": {
    "藥局名稱":"老永茂大藥局",
    "電話":"(02)23064417",
    "地址":"臺北市萬華區廣州街６４號１樓"
    }
  },
  {
    "type": "Feature",
    "geometry": {
       "type": "Point",
       "coordinates":  [ 121.5006934,25.02335967 ]
    },
    "properties": {
    "藥局名稱":"信昌藥局",
    "電話":"(02)23054898",
    "地址":"臺北市萬華區長泰街３６號１樓"
    }
  },
  {
    "type": "Feature",
    "geometry": {
       "type": "Point",
       "coordinates":  [ 121.4999621,25.02627681 ]
    },
    "properties": {
    "藥局名稱":"民和藥局",
    "電話":"(02)23038134",
    "地址":"臺北市萬華區民和街５號１樓"
    }
  },
  {
    "type": "Feature",
    "geometry": {
       "type": "Point",
       "coordinates":  [ 121.5045774,25.04216339 ]
    },
    "properties": {
    "藥局名稱":"您永安藥局",
    "電話":"(02)23317119",
    "地址":"臺北市萬華區昆明街一六二號"
    }
  },
  {
    "type": "Feature",
    "geometry": {
       "type": "Point",
       "coordinates":  [ 121.5013164,25.036563 ]
    },
    "properties": {
    "藥局名稱":"日昇藥局",
    "電話":"(02)23062975",
    "地址":"臺北市萬華區廣州街１２４號"
    }
  },
  {
    "type": "Feature",
    "geometry": {
       "type": "Point",
       "coordinates":  [ 121.4954016,25.0206735 ]
    },
    "properties": {
    "藥局名稱":"裕弘藥局",
    "電話":"(02)23032067",
    "地址":"臺北市萬華區萬大路４８６巷７７號"
    }
  },
  {
    "type": "Feature",
    "geometry": {
       "type": "Point",
       "coordinates":  [ 121.5002621,25.02498456 ]
    },
    "properties": {
    "藥局名稱":"長愛藥局",
    "電話":"(02)23052346",
    "地址":"臺北市萬華區萬大路３０４號３樓"
    }
  },
  {
    "type": "Feature",
    "geometry": {
       "type": "Point",
       "coordinates":  [ 121.5020141,25.027345 ]
    },
    "properties": {
    "藥局名稱":"龍口藥局",
    "電話":"(02)23365680",
    "地址":"臺北市萬華區艋舺大道一二○巷三十五號"
    }
  },
  {
    "type": "Feature",
    "geometry": {
       "type": "Point",
       "coordinates":  [ 121.4953311,25.01974866 ]
    },
    "properties": {
    "藥局名稱":"立昌藥局",
    "電話":"",
    "地址":"臺北市萬華區萬大路486巷59弄38號"
    }
  },
  {
    "type": "Feature",
    "geometry": {
       "type": "Point",
       "coordinates":  [ 121.501194,25.03564428 ]
    },
    "properties": {
    "藥局名稱":"健華藥局",
    "電話":"(02)23063083",
    "地址":"臺北市萬華區康定路３２８號"
    }
  },
  {
    "type": "Feature",
    "geometry": {
       "type": "Point",
       "coordinates":  [ 121.5041856,25.03806775 ]
    },
    "properties": {
    "藥局名稱":"永康大藥局",
    "電話":"(02) 23317675",
    "地址":"臺北市萬華區桂林路49號"
    }
  },
  {
    "type": "Feature",
    "geometry": {
       "type": "Point",
       "coordinates":  [ 121.4947729,25.02529417 ]
    },
    "properties": {
    "藥局名稱":"寶興大藥局",
    "電話":"(02)23013375",
    "地址":"臺北市萬華區寶興街119號"
    }
  },
  {
    "type": "Feature",
    "geometry": {
       "type": "Point",
       "coordinates":  [ 121.4947709,25.02800367 ]
    },
    "properties": {
    "藥局名稱":"瑞生藥局",
    "電話":"(02)23012159",
    "地址":"臺北市萬華區西園路二段252號"
    }
  },
  {
    "type": "Feature",
    "geometry": {
       "type": "Point",
       "coordinates":  [ 121.4985454,25.03891688 ]
    },
    "properties": {
    "藥局名稱":"光華藥局",
    "電話":"(02)23613609",
    "地址":"臺北市萬華區華西街19之5號"
    }
  },
  {
    "type": "Feature",
    "geometry": {
       "type": "Point",
       "coordinates":  [ 121.4986082,25.02120195 ]
    },
    "properties": {
    "藥局名稱":"小太陽元氣藥局",
    "電話":"(02)23090167",
    "地址":"臺北市萬華區萬大路433號1樓"
    }
  },
  {
    "type": "Feature",
    "geometry": {
       "type": "Point",
       "coordinates":  [ 121.5778396,25.03890046 ]
    },
    "properties": {
    "藥局名稱":"詠晴中西藥局",
    "電話":"(02)27266890",
    "地址":"臺北市信義區松山路484之4號1樓(含夾層)"
    }
  },
  {
    "type": "Feature",
    "geometry": {
       "type": "Point",
       "coordinates":  [ 121.5652968,25.0406521 ]
    },
    "properties": {
    "藥局名稱":"康楊藥局",
    "電話":"",
    "地址":"臺北市信義區忠孝東路5段412之1號(1樓)"
    }
  },
  {
    "type": "Feature",
    "geometry": {
       "type": "Point",
       "coordinates":  [ 121.5563493,25.02751012 ]
    },
    "properties": {
    "藥局名稱":"柏愛藥局",
    "電話":"(02)27325472",
    "地址":"臺北市信義區基隆路2段131之20號1樓"
    }
  },
  {
    "type": "Feature",
    "geometry": {
       "type": "Point",
       "coordinates":  [ 121.5775776,25.03597844 ]
    },
    "properties": {
    "藥局名稱":"保順大藥局",
    "電話":"(02)27270799",
    "地址":"臺北市信義區信義路6段93號1樓"
    }
  },
  {
    "type": "Feature",
    "geometry": {
       "type": "Point",
       "coordinates":  [ 121.5652968,25.0406521 ]
    },
    "properties": {
    "藥局名稱":"十二願玥藥局",
    "電話":"(02)27563123",
    "地址":"臺北市信義區忠孝東路5段21號(1樓)"
    }
  },
  {
    "type": "Feature",
    "geometry": {
       "type": "Point",
       "coordinates":  [ 121.57957,25.0373999 ]
    },
    "properties": {
    "藥局名稱":"上禾藥師藥局",
    "電話":"(02)27611133",
    "地址":"臺北市信義區林口街24巷4號"
    }
  },
  {
    "type": "Feature",
    "geometry": {
       "type": "Point",
       "coordinates":  [ 121.5666938,25.04064778 ]
    },
    "properties": {
    "藥局名稱":"健生活國泰置地藥局",
    "電話":"(02)87862222",
    "地址":"臺北市信義區忠孝東路5段68號24樓"
    }
  },
  {
    "type": "Feature",
    "geometry": {
       "type": "Point",
       "coordinates":  [ 121.5718249,25.04354912 ]
    },
    "properties": {
    "藥局名稱":"新資生北信義大藥局",
    "電話":"(02)77505125",
    "地址":"臺北市信義區永吉路180巷67弄5號1樓"
    }
  },
  {
    "type": "Feature",
    "geometry": {
       "type": "Point",
       "coordinates":  [ 121.5576928,25.03529704 ]
    },
    "properties": {
    "藥局名稱":"合生光復藥局",
    "電話":"(02)27582932",
    "地址":"臺北市信義區光復南路447號1樓"
    }
  },
  {
    "type": "Feature",
    "geometry": {
       "type": "Point",
       "coordinates":  [ 121.5657863,25.02799173 ]
    },
    "properties": {
    "藥局名稱":"呼嚕嚕藥局",
    "電話":"(02)27200003",
    "地址":"臺北市信義區莊敬路391巷6號1樓"
    }
  },
  {
    "type": "Feature",
    "geometry": {
       "type": "Point",
       "coordinates":  [ 121.576686,25.0389681 ]
    },
    "properties": {
    "藥局名稱":"松德台安藥局",
    "電話":"(02)87891622",
    "地址":"臺北市信義區松德路40號(1樓)"
    }
  },
  {
    "type": "Feature",
    "geometry": {
       "type": "Point",
       "coordinates":  [ 121.5752404,25.03919527 ]
    },
    "properties": {
    "藥局名稱":"永樂藥局",
    "電話":"(02)86475177",
    "地址":"臺北市信義區忠孝東路5段372巷27弄64號1樓"
    }
  },
  {
    "type": "Feature",
    "geometry": {
       "type": "Point",
       "coordinates":  [ 121.5783271,25.0375812 ]
    },
    "properties": {
    "藥局名稱":"天康文豐藥局",
    "電話":"(02)28200106",
    "地址":"臺北市信義區松山路543之1號(1樓)"
    }
  },
  {
    "type": "Feature",
    "geometry": {
       "type": "Point",
       "coordinates":  [ 121.5697489,25.02369281 ]
    },
    "properties": {
    "藥局名稱":"康怡健保藥局",
    "電話":"(02)27206193",
    "地址":"臺北市信義區吳興街467巷2弄18號1樓"
    }
  },
  {
    "type": "Feature",
    "geometry": {
       "type": "Point",
       "coordinates":  [ 121.569584,25.02425301 ]
    },
    "properties": {
    "藥局名稱":"必欣藥局",
    "電話":"(02)27225060",
    "地址":"臺北市信義區松仁路２６４號"
    }
  },
  {
    "type": "Feature",
    "geometry": {
       "type": "Point",
       "coordinates":  [ 121.5823358,25.04135926 ]
    },
    "properties": {
    "藥局名稱":"臺陽藥局",
    "電話":"(02)27283403",
    "地址":"臺北市信義區大道路６１號"
    }
  },
  {
    "type": "Feature",
    "geometry": {
       "type": "Point",
       "coordinates":  [ 121.5770735,25.04604214 ]
    },
    "properties": {
    "藥局名稱":"松隆藥局",
    "電話":"(02)27684033",
    "地址":"臺北市信義區虎林街65號"
    }
  },
  {
    "type": "Feature",
    "geometry": {
       "type": "Point",
       "coordinates":  [ 121.5752982,25.03975607 ]
    },
    "properties": {
    "藥局名稱":"杏康藥局",
    "電話":"(02)23457422",
    "地址":"臺北市信義區忠孝東路五段３７２巷２７弄６８－２號１樓"
    }
  },
  {
    "type": "Feature",
    "geometry": {
       "type": "Point",
       "coordinates":  [ 121.5776571,25.04256147 ]
    },
    "properties": {
    "藥局名稱":"慧生藥局",
    "電話":"(02)27647138",
    "地址":"臺北市信義區松山路３１０號"
    }
  },
  {
    "type": "Feature",
    "geometry": {
       "type": "Point",
       "coordinates":  [ 121.5653361,25.04221567 ]
    },
    "properties": {
    "藥局名稱":"鼎泰藥局",
    "電話":"(02)27620617",
    "地址":"臺北市信義區基隆路一段１５５號１樓"
    }
  },
  {
    "type": "Feature",
    "geometry": {
       "type": "Point",
       "coordinates":  [ 121.5781324,25.04526447 ]
    },
    "properties": {
    "藥局名稱":"松山大藥局",
    "電話":"(02)27600097",
    "地址":"臺北市信義區永吉路４３６號"
    }
  },
  {
    "type": "Feature",
    "geometry": {
       "type": "Point",
       "coordinates":  [ 121.560471,25.03703621 ]
    },
    "properties": {
    "藥局名稱":"信隆藥局",
    "電話":"(02)27296953",
    "地址":"臺北市信義區仁愛路四段496巷5號"
    }
  },
  {
    "type": "Feature",
    "geometry": {
       "type": "Point",
       "coordinates":  [ 121.5620058,25.02895804 ]
    },
    "properties": {
    "藥局名稱":"力康藥局",
    "電話":"(02)27375368",
    "地址":"臺北市信義區吳興街１６６－１號１樓"
    }
  },
  {
    "type": "Feature",
    "geometry": {
       "type": "Point",
       "coordinates":  [ 121.5641935,25.02658092 ]
    },
    "properties": {
    "藥局名稱":"吳興藥局",
    "電話":"(02)27208328",
    "地址":"臺北市信義區吳興街二七九號一樓"
    }
  },
  {
    "type": "Feature",
    "geometry": {
       "type": "Point",
       "coordinates":  [ 121.5854369,25.04032985 ]
    },
    "properties": {
    "藥局名稱":"良美藥局",
    "電話":"(02)27593659",
    "地址":"臺北市信義區福德街268巷37號"
    }
  },
  {
    "type": "Feature",
    "geometry": {
       "type": "Point",
       "coordinates":  [ 121.5643486,25.0265588 ]
    },
    "properties": {
    "藥局名稱":"福華藥局",
    "電話":"(02)27208527",
    "地址":"臺北市信義區吳興街２８１巷３號１樓"
    }
  },
  {
    "type": "Feature",
    "geometry": {
       "type": "Point",
       "coordinates":  [ 121.5782134,25.03609127 ]
    },
    "properties": {
    "藥局名稱":"老上德藥局",
    "電話":"(02)27273864",
    "地址":"臺北市信義區信義路六段１１８號"
    }
  },
  {
    "type": "Feature",
    "geometry": {
       "type": "Point",
       "coordinates":  [ 121.5577405,25.03448509 ]
    },
    "properties": {
    "藥局名稱":"光成藥局",
    "電話":"(02)27587069",
    "地址":"臺北市信義區光復南路４５７號之３"
    }
  },
  {
    "type": "Feature",
    "geometry": {
       "type": "Point",
       "coordinates":  [ 121.5606311,25.03056223 ]
    },
    "properties": {
    "藥局名稱":"大順安藥局",
    "電話":"(02)27360639",
    "地址":"臺北市信義區吳興街８４號"
    }
  },
  {
    "type": "Feature",
    "geometry": {
       "type": "Point",
       "coordinates":  [ 121.5779913,25.04144301 ]
    },
    "properties": {
    "藥局名稱":"立信藥局",
    "電話":"(02)27687754",
    "地址":"臺北市信義區松山路４０３號１樓"
    }
  },
  {
    "type": "Feature",
    "geometry": {
       "type": "Point",
       "coordinates":  [ 121.5752869,25.03751627 ]
    },
    "properties": {
    "藥局名稱":"喜樂藥局",
    "電話":"(02)27275797",
    "地址":"臺北市信義區松德路125號"
    }
  },
  {
    "type": "Feature",
    "geometry": {
       "type": "Point",
       "coordinates":  [ 121.5763774,25.04336423 ]
    },
    "properties": {
    "藥局名稱":"馨馨藥局",
    "電話":"",
    "地址":"臺北市信義區虎林街82巷19號"
    }
  },
  {
    "type": "Feature",
    "geometry": {
       "type": "Point",
       "coordinates":  [ 121.5744261,25.0453699 ]
    },
    "properties": {
    "藥局名稱":"信義盛康藥局",
    "電話":"(02)23460521",
    "地址":"臺北市信義區永吉路286號（1樓）"
    }
  },
  {
    "type": "Feature",
    "geometry": {
       "type": "Point",
       "coordinates":  [ 121.5635133,25.02442146 ]
    },
    "properties": {
    "藥局名稱":"新資生北醫大藥局",
    "電話":"(02)23777588",
    "地址":"臺北市信義區吳興街284巷24弄1之1號1樓"
    }
  },
  {
    "type": "Feature",
    "geometry": {
       "type": "Point",
       "coordinates":  [ 121.5769301,25.04716841 ]
    },
    "properties": {
    "藥局名稱":"小熊藥局",
    "電話":"(02)27495833",
    "地址":"臺北市信義區虎林街57之1號1樓"
    }
  },
  {
    "type": "Feature",
    "geometry": {
       "type": "Point",
       "coordinates":  [ 121.5797196,25.0487903 ]
    },
    "properties": {
    "藥局名稱":"松美藥局",
    "電話":"(02)27651099",
    "地址":"臺北市信義區市民大道6段320號(1樓)"
    }
  },
  {
    "type": "Feature",
    "geometry": {
       "type": "Point",
       "coordinates":  [ 121.5776119,25.047023 ]
    },
    "properties": {
    "藥局名稱":"上好松山藥局",
    "電話":"(02)27568012",
    "地址":"臺北市信義區松山路144號1樓"
    }
  },
  {
    "type": "Feature",
    "geometry": {
       "type": "Point",
       "coordinates":  [ 121.5687687,25.02617413 ]
    },
    "properties": {
    "藥局名稱":"躍獅松仁藥局",
    "電話":"(02)27238626",
    "地址":"臺北市信義區松仁路233號1樓"
    }
  },
  {
    "type": "Feature",
    "geometry": {
       "type": "Point",
       "coordinates":  [ 121.5834462,25.03900907 ]
    },
    "properties": {
    "藥局名稱":"杏仁藥局",
    "電話":"(02)27262541",
    "地址":"臺北市信義區大道路１３５號"
    }
  },
  {
    "type": "Feature",
    "geometry": {
       "type": "Point",
       "coordinates":  [ 121.5787179,25.04075495 ]
    },
    "properties": {
    "藥局名稱":"佑華藥局",
    "電話":"(02)27595719",
    "地址":"臺北市信義區忠孝東路五段五0八之四號一樓"
    }
  },
  {
    "type": "Feature",
    "geometry": {
       "type": "Point",
       "coordinates":  [ 121.5768828,25.03844073 ]
    },
    "properties": {
    "藥局名稱":"新和平藥局",
    "電話":"(02)23460951",
    "地址":"臺北市信義區虎林街一九八號一樓"
    }
  },
  {
    "type": "Feature",
    "geometry": {
       "type": "Point",
       "coordinates":  [ 121.5794808,25.0483231 ]
    },
    "properties": {
    "藥局名稱":"華泰藥局",
    "電話":"(02)27601992",
    "地址":"臺北市信義區虎林街八十二巷五號"
    }
  },
  {
    "type": "Feature",
    "geometry": {
       "type": "Point",
       "coordinates":  [ 121.5783212,25.0492016 ]
    },
    "properties": {
    "藥局名稱":"德康大藥局",
    "電話":"(02)27272502",
    "地址":"臺北市信義區松山路五四一巷二十一號"
    }
  },
  {
    "type": "Feature",
    "geometry": {
       "type": "Point",
       "coordinates":  [ 121.579105,25.03796036 ]
    },
    "properties": {
    "藥局名稱":"皇佳大藥局",
    "電話":"(02)27262555",
    "地址":"臺北市信義區松山路541巷25號1樓、27號1樓"
    }
  },
  {
    "type": "Feature",
    "geometry": {
       "type": "Point",
       "coordinates":  [ 121.566199,25.0271568 ]
    },
    "properties": {
    "藥局名稱":"好康藥局",
    "電話":"(02)27232979",
    "地址":"臺北市信義區莊敬路414號"
    }
  },
  {
    "type": "Feature",
    "geometry": {
       "type": "Point",
       "coordinates":  [ 121.5847403,25.03840938 ]
    },
    "properties": {
    "藥局名稱":"麗中藥局",
    "電話":"(02)27594416",
    "地址":"臺北市信義區福德街217號"
    }
  },
  {
    "type": "Feature",
    "geometry": {
       "type": "Point",
       "coordinates":  [ 121.5858573,25.03873939 ]
    },
    "properties": {
    "藥局名稱":"文興藥局",
    "電話":"(02)27590989",
    "地址":"臺北市信義區福德街245號"
    }
  },
  {
    "type": "Feature",
    "geometry": {
       "type": "Point",
       "coordinates":  [ 121.5873598,25.03930647 ]
    },
    "properties": {
    "藥局名稱":"康杏藥局",
    "電話":"(02)27591510",
    "地址":"臺北市信義區福德街306號1樓"
    }
  },
  {
    "type": "Feature",
    "geometry": {
       "type": "Point",
       "coordinates":  [ 121.5813126,25.04247952 ]
    },
    "properties": {
    "藥局名稱":"昆陽藥局",
    "電話":"(02)27274814",
    "地址":"臺北市信義區林口街230號"
    }
  },
  {
    "type": "Feature",
    "geometry": {
       "type": "Point",
       "coordinates":  [ 121.5634929,25.02745032 ]
    },
    "properties": {
    "藥局名稱":"綠杏大藥局",
    "電話":"(02)27582378",
    "地址":"臺北市信義區吳興街241號"
    }
  },
  {
    "type": "Feature",
    "geometry": {
       "type": "Point",
       "coordinates":  [ 121.5753908,25.04506854 ]
    },
    "properties": {
    "藥局名稱":"鴻濟藥局",
    "電話":"(02)27645331",
    "地址":"臺北市信義區永吉路326巷2號1樓"
    }
  },
  {
    "type": "Feature",
    "geometry": {
       "type": "Point",
       "coordinates":  [ 121.5620883,25.02959805 ]
    },
    "properties": {
    "藥局名稱":"信桉藥局",
    "電話":"(02)87860005",
    "地址":"臺北市信義區莊敬路236號"
    }
  },
  {
    "type": "Feature",
    "geometry": {
       "type": "Point",
       "coordinates":  [ 121.5635901,25.02733059 ]
    },
    "properties": {
    "藥局名稱":"安佑藥局",
    "電話":"(02)27222236",
    "地址":"臺北市信義區吳興街247號1樓"
    }
  },
  {
    "type": "Feature",
    "geometry": {
       "type": "Point",
       "coordinates":  [ 121.5685441,25.04265751 ]
    },
    "properties": {
    "藥局名稱":"安心藥局",
    "電話":"(02)27474992",
    "地址":"臺北市信義區永吉路30巷148弄4之1號"
    }
  },
  {
    "type": "Feature",
    "geometry": {
       "type": "Point",
       "coordinates":  [ 121.5543153,25.02293626 ]
    },
    "properties": {
    "藥局名稱":"九州藥局",
    "電話":"(02)87323331",
    "地址":"臺北市信義區和平東路三段239號"
    }
  },
  {
    "type": "Feature",
    "geometry": {
       "type": "Point",
       "coordinates":  [ 121.5738721,25.04571477 ]
    },
    "properties": {
    "藥局名稱":"永吉藥局",
    "電話":"(02)87874043",
    "地址":"臺北市信義區永吉路213號"
    }
  },
  {
    "type": "Feature",
    "geometry": {
       "type": "Point",
       "coordinates":  [ 121.5599212,25.0365281 ]
    },
    "properties": {
    "藥局名稱":"榮泰藥局",
    "電話":"(02)77296777",
    "地址":"臺北市信義區光復南路419巷117號1樓"
    }
  },
  {
    "type": "Feature",
    "geometry": {
       "type": "Point",
       "coordinates":  [ 121.5776333,25.04508792 ]
    },
    "properties": {
    "藥局名稱":"皇昇大藥局",
    "電話":"(02)27663886",
    "地址":"臺北市信義區松山路210號"
    }
  },
  {
    "type": "Feature",
    "geometry": {
       "type": "Point",
       "coordinates":  [ 121.5755456,25.04457386 ]
    },
    "properties": {
    "藥局名稱":"貴臨藥局",
    "電話":"(02)27493768",
    "地址":"臺北市信義區永吉路326巷19號"
    }
  },
  {
    "type": "Feature",
    "geometry": {
       "type": "Point",
       "coordinates":  [ 121.5643416,25.02771676 ]
    },
    "properties": {
    "藥局名稱":"大鳥藥局",
    "電話":"(02)23455025",
    "地址":"臺北市信義區莊敬路354號"
    }
  },
  {
    "type": "Feature",
    "geometry": {
       "type": "Point",
       "coordinates":  [ 121.5541989,25.0243633 ]
    },
    "properties": {
    "藥局名稱":"濟生中西藥局",
    "電話":"(02)27358452",
    "地址":"臺北市信義區崇德街41號"
    }
  },
  {
    "type": "Feature",
    "geometry": {
       "type": "Point",
       "coordinates":  [ 121.5634533,25.02783749 ]
    },
    "properties": {
    "藥局名稱":"正和藥局",
    "電話":"(02)23455186",
    "地址":"臺北市信義區吳興街225巷6號"
    }
  },
  {
    "type": "Feature",
    "geometry": {
       "type": "Point",
       "coordinates":  [ 121.5770353,25.04447892 ]
    },
    "properties": {
    "藥局名稱":"荐荃藥師藥局",
    "電話":"(02)27492866",
    "地址":"臺北市信義區虎林街68之3號"
    }
  },
  {
    "type": "Feature",
    "geometry": {
       "type": "Point",
       "coordinates":  [ 121.5752643,25.04126297 ]
    },
    "properties": {
    "藥局名稱":"新永春藥局",
    "電話":"",
    "地址":"臺北市信義區忠孝東路5段423巷1號"
    }
  },
  {
    "type": "Feature",
    "geometry": {
       "type": "Point",
       "coordinates":  [ 121.5744502,25.03957979 ]
    },
    "properties": {
    "藥局名稱":"大浲藥局",
    "電話":"(02)87896835",
    "地址":"臺北市信義區忠孝東路5段372巷27弄18號"
    }
  },
  {
    "type": "Feature",
    "geometry": {
       "type": "Point",
       "coordinates":  [ 121.5688674,25.0432416 ]
    },
    "properties": {
    "藥局名稱":"新興健保藥局",
    "電話":"(02)27494892",
    "地址":"臺北市信義區永吉路30巷113號"
    }
  },
  {
    "type": "Feature",
    "geometry": {
       "type": "Point",
       "coordinates":  [ 121.5695448,25.02431912 ]
    },
    "properties": {
    "藥局名稱":"富熙藥局",
    "電話":"(02)27587608",
    "地址":"臺北市信義區松仁路260號1樓"
    }
  },
  {
    "type": "Feature",
    "geometry": {
       "type": "Point",
       "coordinates":  [ 121.5564304,25.02127393 ]
    },
    "properties": {
    "藥局名稱":"洪暘藥局",
    "電話":"(02)27337099",
    "地址":"臺北市信義區富陽街86號"
    }
  },
  {
    "type": "Feature",
    "geometry": {
       "type": "Point",
       "coordinates":  [ 121.5576703,25.03383787 ]
    },
    "properties": {
    "藥局名稱":"專品光復藥局",
    "電話":"(02)27586682",
    "地址":"臺北市信義區光復南路467之1號"
    }
  },
  {
    "type": "Feature",
    "geometry": {
       "type": "Point",
       "coordinates":  [ 121.5554087,25.02289299 ]
    },
    "properties": {
    "藥局名稱":"仁聖藥局",
    "電話":"(02)87324166",
    "地址":"臺北市信義區信安街151號"
    }
  },
  {
    "type": "Feature",
    "geometry": {
       "type": "Point",
       "coordinates":  [ 121.5767206,25.03959377 ]
    },
    "properties": {
    "藥局名稱":"尚頤中西藥局",
    "電話":"",
    "地址":"臺北市信義區虎林街145號"
    }
  },
  {
    "type": "Feature",
    "geometry": {
       "type": "Point",
       "coordinates":  [ 121.5637344,25.02715286 ]
    },
    "properties": {
    "藥局名稱":"北一健康人生藥局",
    "電話":"(02)27583945",
    "地址":"臺北市信義區吳興街255號"
    }
  },
  {
    "type": "Feature",
    "geometry": {
       "type": "Point",
       "coordinates":  [ 121.567728,25.02671857 ]
    },
    "properties": {
    "藥局名稱":"博亞藥局",
    "電話":"(02)27580506",
    "地址":"臺北市信義區莊敬路462號"
    }
  },
  {
    "type": "Feature",
    "geometry": {
       "type": "Point",
       "coordinates":  [ 121.5803549,25.0452117 ]
    },
    "properties": {
    "藥局名稱":"躍獅永吉藥局",
    "電話":"(02)27059791",
    "地址":"臺北市信義區永吉路520號"
    }
  },
  {
    "type": "Feature",
    "geometry": {
       "type": "Point",
       "coordinates":  [ 121.559898,25.03006474 ]
    },
    "properties": {
    "藥局名稱":"立赫北醫藥局",
    "電話":"(02)27320100",
    "地址":"臺北市信義區吳興街118巷26弄17號"
    }
  },
  {
    "type": "Feature",
    "geometry": {
       "type": "Point",
       "coordinates":  [ 121.5741541,25.04213337 ]
    },
    "properties": {
    "藥局名稱":"壹間藥師藥局",
    "電話":"(02)27672833",
    "地址":"臺北市信義區虎林街120巷148號"
    }
  },
  {
    "type": "Feature",
    "geometry": {
       "type": "Point",
       "coordinates":  [ 121.5577258,25.03681858 ]
    },
    "properties": {
    "藥局名稱":"躍獅光復藥局",
    "電話":"(02)87862307",
    "地址":"臺北市信義區光復南路417之8號"
    }
  },
  {
    "type": "Feature",
    "geometry": {
       "type": "Point",
       "coordinates":  [ 121.5701025,25.04343133 ]
    },
    "properties": {
    "藥局名稱":"上好藥師藥局",
    "電話":"(02)27677088",
    "地址":"臺北市信義區永吉路30巷101弄48號"
    }
  },
  {
    "type": "Feature",
    "geometry": {
       "type": "Point",
       "coordinates":  [ 121.5801512,25.04133527 ]
    },
    "properties": {
    "藥局名稱":"北一忠孝藥局",
    "電話":"(02)23464572",
    "地址":"臺北市信義區忠孝東路5段524巷1弄16號1樓"
    }
  },
  {
    "type": "Feature",
    "geometry": {
       "type": "Point",
       "coordinates":  [ 121.5793666,25.03718525 ]
    },
    "properties": {
    "藥局名稱":"富凱藥師藥局",
    "電話":"(02)27282685",
    "地址":"臺北市信義區林口街18號1樓"
    }
  },
  {
    "type": "Feature",
    "geometry": {
       "type": "Point",
       "coordinates":  [ 121.561798,25.02947464 ]
    },
    "properties": {
    "藥局名稱":"吳興春天藥局",
    "電話":"(02)27585617",
    "地址":"臺北市信義區吳興街137號1樓"
    }
  },
  {
    "type": "Feature",
    "geometry": {
       "type": "Point",
       "coordinates":  [ 121.5770952,25.04111935 ]
    },
    "properties": {
    "藥局名稱":"寶春藥局",
    "電話":"",
    "地址":"臺北市信義區虎林街119之19號1樓"
    }
  },
  {
    "type": "Feature",
    "geometry": {
       "type": "Point",
       "coordinates":  [ 121.5690991,25.02453977 ]
    },
    "properties": {
    "藥局名稱":"日安藥局",
    "電話":"(02)27203775",
    "地址":"臺北市信義區松仁路240巷13號1樓"
    }
  },
  {
    "type": "Feature",
    "geometry": {
       "type": "Point",
       "coordinates":  [ 121.5627071,25.02882297 ]
    },
    "properties": {
    "藥局名稱":"愛維喜藥局",
    "電話":"(02)27586989",
    "地址":"臺北市信義區莊敬路278號"
    }
  },
  {
    "type": "Feature",
    "geometry": {
       "type": "Point",
       "coordinates":  [ 121.5688097,25.04119897 ]
    },
    "properties": {
    "藥局名稱":"市政藥局",
    "電話":"(02)27560050",
    "地址":"臺北市信義區忠孝東路5段169號1樓、171號1樓"
    }
  },
  {
    "type": "Feature",
    "geometry": {
       "type": "Point",
       "coordinates":  [ 121.5815662,25.04340073 ]
    },
    "properties": {
    "藥局名稱":"杏一後山埤藥局",
    "電話":"(02)27274357",
    "地址":"臺北市信義區忠孝東路5段778號1樓"
    }
  },
  {
    "type": "Feature",
    "geometry": {
       "type": "Point",
       "coordinates":  [ 121.5682102,25.02843911 ]
    },
    "properties": {
    "藥局名稱":"光點信義松仁藥局",
    "電話":"(02)27581850",
    "地址":"臺北市信義區松仁路160號1樓"
    }
  },
  {
    "type": "Feature",
    "geometry": {
       "type": "Point",
       "coordinates":  [ 121.5744817,25.03734142 ]
    },
    "properties": {
    "藥局名稱":"躍獅興雅藥局",
    "電話":"(02)87808429",
    "地址":"臺北市信義區松德路128號1樓"
    }
  },
  {
    "type": "Feature",
    "geometry": {
       "type": "Point",
       "coordinates":  [ 121.5196328,25.08498315 ]
    },
    "properties": {
    "藥局名稱":"宜家藥局",
    "電話":"(02)28833677",
    "地址":"臺北市士林區前港街86號1樓"
    }
  },
  {
    "type": "Feature",
    "geometry": {
       "type": "Point",
       "coordinates":  [ 121.5254001,25.10860067 ]
    },
    "properties": {
    "藥局名稱":"家赫宇盛藥局",
    "電話":"(02)28328728",
    "地址":"臺北市士林區中山北路6段222號1樓"
    }
  },
  {
    "type": "Feature",
    "geometry": {
       "type": "Point",
       "coordinates":  [ 121.5220506,25.08459299 ]
    },
    "properties": {
    "藥局名稱":"前港台安藥局",
    "電話":"(02)28831079",
    "地址":"臺北市士林區前港街28號1樓"
    }
  },
  {
    "type": "Feature",
    "geometry": {
       "type": "Point",
       "coordinates":  [ 121.532763,25.10934708 ]
    },
    "properties": {
    "藥局名稱":"向宇藥局",
    "電話":"(02)88661101",
    "地址":"臺北市士林區德行東路217號1樓"
    }
  },
  {
    "type": "Feature",
    "geometry": {
       "type": "Point",
       "coordinates":  [ 121.5268437,25.11835063 ]
    },
    "properties": {
    "藥局名稱":"天母藥局",
    "電話":"(02)28771202",
    "地址":"臺北市士林區天母西路26號1樓"
    }
  },
  {
    "type": "Feature",
    "geometry": {
       "type": "Point",
       "coordinates":  [ 121.5292096,25.10808845 ]
    },
    "properties": {
    "藥局名稱":"大田大藥局",
    "電話":"(02)28326112",
    "地址":"臺北市士林區德行東路133號1樓"
    }
  },
  {
    "type": "Feature",
    "geometry": {
       "type": "Point",
       "coordinates":  [ 121.5241792,25.0960516 ]
    },
    "properties": {
    "藥局名稱":"有為藥局",
    "電話":"(02)28366898",
    "地址":"臺北市士林區文林路477號(1樓)"
    }
  },
  {
    "type": "Feature",
    "geometry": {
       "type": "Point",
       "coordinates":  [ 121.5315264,25.10600093 ]
    },
    "properties": {
    "藥局名稱":"忠義台安藥局",
    "電話":"(02)28380685",
    "地址":"臺北市士林區忠義街72號1樓"
    }
  },
  {
    "type": "Feature",
    "geometry": {
       "type": "Point",
       "coordinates":  [ 121.5270814,25.10415332 ]
    },
    "properties": {
    "藥局名稱":"芝山藥局",
    "電話":"(02)28330353",
    "地址":"臺北市士林區忠誠路1段27號1樓及地下1層、29號1樓及地下1層"
    }
  },
  {
    "type": "Feature",
    "geometry": {
       "type": "Point",
       "coordinates":  [ 121.5208017,25.08104434 ]
    },
    "properties": {
    "藥局名稱":"富康活力通河藥局",
    "電話":"(02)28862866",
    "地址":"臺北市士林區通河街141巷1號1樓"
    }
  },
  {
    "type": "Feature",
    "geometry": {
       "type": "Point",
       "coordinates":  [ 121.5205427,25.0811004 ]
    },
    "properties": {
    "藥局名稱":"通河藥局",
    "電話":"(02)28861332",
    "地址":"臺北市士林區通河街147號1樓"
    }
  },
  {
    "type": "Feature",
    "geometry": {
       "type": "Point",
       "coordinates":  [ 121.5225385,25.0970569 ]
    },
    "properties": {
    "藥局名稱":"南風藥局",
    "電話":"(02)28320375",
    "地址":"臺北市士林區美崙街45號1樓"
    }
  },
  {
    "type": "Feature",
    "geometry": {
       "type": "Point",
       "coordinates":  [ 121.5236314,25.09718206 ]
    },
    "properties": {
    "藥局名稱":"菁安藥局",
    "電話":"(02)28323951",
    "地址":"臺北市士林區美崙街5號1樓"
    }
  },
  {
    "type": "Feature",
    "geometry": {
       "type": "Point",
       "coordinates":  [ 121.5178302,25.08753114 ]
    },
    "properties": {
    "藥局名稱":"景正藥師中西藥局",
    "電話":"(02)28838762",
    "地址":"臺北市士林區福港街１５２號"
    }
  },
  {
    "type": "Feature",
    "geometry": {
       "type": "Point",
       "coordinates":  [ 121.5213792,25.09604928 ]
    },
    "properties": {
    "藥局名稱":"佳赫藥局",
    "電話":"(02)28367202",
    "地址":"臺北市士林區文昌路62號"
    }
  },
  {
    "type": "Feature",
    "geometry": {
       "type": "Point",
       "coordinates":  [ 121.5260087,25.08898084 ]
    },
    "properties": {
    "藥局名稱":"士林三安藥局",
    "電話":"(02)28812631",
    "地址":"臺北市士林區大南路１１號"
    }
  },
  {
    "type": "Feature",
    "geometry": {
       "type": "Point",
       "coordinates":  [ 121.5256281,25.09145851 ]
    },
    "properties": {
    "藥局名稱":"啓宏藥局",
    "電話":"(02)28825811",
    "地址":"臺北市士林區大東路９０之１號"
    }
  },
  {
    "type": "Feature",
    "geometry": {
       "type": "Point",
       "coordinates":  [ 121.5101238,25.08255769 ]
    },
    "properties": {
    "藥局名稱":"太安藥局",
    "電話":"(02)28111468",
    "地址":"臺北市士林區延平北路五段157號"
    }
  },
  {
    "type": "Feature",
    "geometry": {
       "type": "Point",
       "coordinates":  [ 121.5300746,25.11218957 ]
    },
    "properties": {
    "藥局名稱":"田倉藥局",
    "電話":"(02)88662188",
    "地址":"臺北市士林區士東路122號1樓"
    }
  },
  {
    "type": "Feature",
    "geometry": {
       "type": "Point",
       "coordinates":  [ 121.5267369,25.11167788 ]
    },
    "properties": {
    "藥局名稱":"日康藥局",
    "電話":"(02)28358558",
    "地址":"臺北市士林區士東路１２號１樓"
    }
  },
  {
    "type": "Feature",
    "geometry": {
       "type": "Point",
       "coordinates":  [ 121.5194293,25.08266817 ]
    },
    "properties": {
    "藥局名稱":"正陽藥局",
    "電話":"(02)28815711",
    "地址":"臺北市士林區華齡街１１號１樓"
    }
  },
  {
    "type": "Feature",
    "geometry": {
       "type": "Point",
       "coordinates":  [ 121.5269353,25.11854332 ]
    },
    "properties": {
    "藥局名稱":"麗森藥局",
    "電話":"(02)28714152",
    "地址":"臺北市士林區天母西路51號"
    }
  },
  {
    "type": "Feature",
    "geometry": {
       "type": "Point",
       "coordinates":  [ 121.5316648,25.10896733 ]
    },
    "properties": {
    "藥局名稱":"天母大和藥師藥局",
    "電話":"(02)28310142",
    "地址":"臺北市士林區德行東路189之1號１樓"
    }
  },
  {
    "type": "Feature",
    "geometry": {
       "type": "Point",
       "coordinates":  [ 121.5468874,25.13797206 ]
    },
    "properties": {
    "藥局名稱":"陽明藥局",
    "電話":"(02)28612863",
    "地址":"臺北市士林區菁山路十號一樓"
    }
  },
  {
    "type": "Feature",
    "geometry": {
       "type": "Point",
       "coordinates":  [ 121.532611,25.11489766 ]
    },
    "properties": {
    "藥局名稱":"康鈺藥局",
    "電話":"(02)28313915",
    "地址":"臺北市士林區忠誠路2段150號1樓"
    }
  },
  {
    "type": "Feature",
    "geometry": {
       "type": "Point",
       "coordinates":  [ 121.5273756,25.11931282 ]
    },
    "properties": {
    "藥局名稱":"今欣藥局",
    "電話":"(02)28713129",
    "地址":"臺北市士林區天母西路41巷9號1樓"
    }
  },
  {
    "type": "Feature",
    "geometry": {
       "type": "Point",
       "coordinates":  [ 121.5220223,25.08107202 ]
    },
    "properties": {
    "藥局名稱":"資生堂藥局",
    "電話":"(02)28857588",
    "地址":"臺北市士林區承德路四段40巷17號1樓"
    }
  },
  {
    "type": "Feature",
    "geometry": {
       "type": "Point",
       "coordinates":  [ 121.5105655,25.0816936 ]
    },
    "properties": {
    "藥局名稱":"社子全民藥局",
    "電話":"(02)28127412",
    "地址":"臺北市士林區延平北路五段120號"
    }
  },
  {
    "type": "Feature",
    "geometry": {
       "type": "Point",
       "coordinates":  [ 121.5310729,25.1186355 ]
    },
    "properties": {
    "藥局名稱":"康華藥局",
    "電話":"(02)28743223",
    "地址":"臺北市士林區中山北路七段14巷二號二樓"
    }
  },
  {
    "type": "Feature",
    "geometry": {
       "type": "Point",
       "coordinates":  [ 121.5087034,25.0884662 ]
    },
    "properties": {
    "藥局名稱":"安泰藥師藥局",
    "電話":"(02)28166977",
    "地址":"臺北市士林區延平北路六段83號(實際使用：1、2樓)"
    }
  },
  {
    "type": "Feature",
    "geometry": {
       "type": "Point",
       "coordinates":  [ 121.5317167,25.10614065 ]
    },
    "properties": {
    "藥局名稱":"家赫藥局",
    "電話":"(02)28346453",
    "地址":"臺北市士林區忠義街80號1樓"
    }
  },
  {
    "type": "Feature",
    "geometry": {
       "type": "Point",
       "coordinates":  [ 121.5269004,25.08977728 ]
    },
    "properties": {
    "藥局名稱":"得安藥局",
    "電話":"(02)28836336",
    "地址":"臺北市士林區文林路195號1樓"
    }
  },
  {
    "type": "Feature",
    "geometry": {
       "type": "Point",
       "coordinates":  [ 121.5099011,25.08877112 ]
    },
    "properties": {
    "藥局名稱":"達揚藥局",
    "電話":"(02)88115559",
    "地址":"臺北市士林區社正路36號1樓"
    }
  },
  {
    "type": "Feature",
    "geometry": {
       "type": "Point",
       "coordinates":  [ 121.5227724,25.08443801 ]
    },
    "properties": {
    "藥局名稱":"和樹藥局",
    "電話":"(02)28821188",
    "地址":"臺北市士林區後港街45巷1號1樓"
    }
  },
  {
    "type": "Feature",
    "geometry": {
       "type": "Point",
       "coordinates":  [ 121.5087636,25.08787771 ]
    },
    "properties": {
    "藥局名稱":"博信藥局",
    "電話":"(02)28128295",
    "地址":"臺北市士林區延平北路六段61號"
    }
  },
  {
    "type": "Feature",
    "geometry": {
       "type": "Point",
       "coordinates":  [ 121.5206205,25.10397683 ]
    },
    "properties": {
    "藥局名稱":"新興藥局",
    "電話":"(02)28362643",
    "地址":"臺北市士林區德行西路１１７號"
    }
  },
  {
    "type": "Feature",
    "geometry": {
       "type": "Point",
       "coordinates":  [ 121.532249,25.11763699 ]
    },
    "properties": {
    "藥局名稱":"杏城藥局",
    "電話":"(02)28725144",
    "地址":"臺北市士林區天母東路２４號"
    }
  },
  {
    "type": "Feature",
    "geometry": {
       "type": "Point",
       "coordinates":  [ 121.5420468,25.13749085 ]
    },
    "properties": {
    "藥局名稱":"文祥藥局",
    "電話":"(02)28623487",
    "地址":"臺北市士林區光華路２６巷２弄２號"
    }
  },
  {
    "type": "Feature",
    "geometry": {
       "type": "Point",
       "coordinates":  [ 121.5295563,25.10803806 ]
    },
    "properties": {
    "藥局名稱":"建芳藥局",
    "電話":"(02)28357172",
    "地址":"臺北市士林區德行東路１４８號"
    }
  },
  {
    "type": "Feature",
    "geometry": {
       "type": "Point",
       "coordinates":  [ 121.5236017,25.09548634 ]
    },
    "properties": {
    "藥局名稱":"博惠藥局",
    "電話":"(02)28320379",
    "地址":"臺北市士林區華榮街１６號"
    }
  },
  {
    "type": "Feature",
    "geometry": {
       "type": "Point",
       "coordinates":  [ 121.5251151,25.10888445 ]
    },
    "properties": {
    "藥局名稱":"有德堂大藥局",
    "電話":"(02)28318387",
    "地址":"臺北市士林區中山北路六段２２７號"
    }
  },
  {
    "type": "Feature",
    "geometry": {
       "type": "Point",
       "coordinates":  [ 121.5199092,25.0828459 ]
    },
    "properties": {
    "藥局名稱":"安寧藥局",
    "電話":"(02)28803319",
    "地址":"臺北市士林區劍潭路91號"
    }
  },
  {
    "type": "Feature",
    "geometry": {
       "type": "Point",
       "coordinates":  [ 121.5038113,25.09222541 ]
    },
    "properties": {
    "藥局名稱":"博泰藥局",
    "電話":"(02)28128612",
    "地址":"臺北市士林區社中街３６７號"
    }
  },
  {
    "type": "Feature",
    "geometry": {
       "type": "Point",
       "coordinates":  [ 121.5055151,25.09151994 ]
    },
    "properties": {
    "藥局名稱":"華倫藥局",
    "電話":"(02)28116545",
    "地址":"臺北市士林區永平街８０巷１０號１樓"
    }
  },
  {
    "type": "Feature",
    "geometry": {
       "type": "Point",
       "coordinates":  [ 121.5095752,25.08619268 ]
    },
    "properties": {
    "藥局名稱":"詠恩藥局",
    "電話":"(02)28119479",
    "地址":"臺北市士林區延平北路五段316號1樓"
    }
  },
  {
    "type": "Feature",
    "geometry": {
       "type": "Point",
       "coordinates":  [ 121.5083331,25.08769049 ]
    },
    "properties": {
    "藥局名稱":"仁大藥局",
    "電話":"(02)88113793",
    "地址":"臺北市士林區社子街13號1樓"
    }
  },
  {
    "type": "Feature",
    "geometry": {
       "type": "Point",
       "coordinates":  [ 121.5095485,25.08627942 ]
    },
    "properties": {
    "藥局名稱":"三光藥局",
    "電話":"(02)28123786",
    "地址":"臺北市士林區延平北路五段320號1樓"
    }
  },
  {
    "type": "Feature",
    "geometry": {
       "type": "Point",
       "coordinates":  [ 121.5092776,25.0885376 ]
    },
    "properties": {
    "藥局名稱":"社正藥局",
    "電話":"(02)28118704",
    "地址":"臺北市士林區社正路12號1樓"
    }
  },
  {
    "type": "Feature",
    "geometry": {
       "type": "Point",
       "coordinates":  [ 121.5079664,25.08749539 ]
    },
    "properties": {
    "藥局名稱":"芳圓藥局",
    "電話":"(02)28168666",
    "地址":"臺北市士林區社子街26之1號"
    }
  },
  {
    "type": "Feature",
    "geometry": {
       "type": "Point",
       "coordinates":  [ 121.5226853,25.10505772 ]
    },
    "properties": {
    "藥局名稱":"柏雅大藥局",
    "電話":"(02)88664398",
    "地址":"臺北市士林區德行西路64號"
    }
  },
  {
    "type": "Feature",
    "geometry": {
       "type": "Point",
       "coordinates":  [ 121.5266532,25.09108108 ]
    },
    "properties": {
    "藥局名稱":"麗登藥局",
    "電話":"(02)28881414",
    "地址":"臺北市士林區文林路261號"
    }
  },
  {
    "type": "Feature",
    "geometry": {
       "type": "Point",
       "coordinates":  [ 121.5213576,25.09619424 ]
    },
    "properties": {
    "藥局名稱":"信光藥局",
    "電話":"(02)28366277",
    "地址":"臺北市士林區文昌路68號"
    }
  },
  {
    "type": "Feature",
    "geometry": {
       "type": "Point",
       "coordinates":  [ 121.5283942,25.10812067 ]
    },
    "properties": {
    "藥局名稱":"幸福藥局",
    "電話":"(02)28346650",
    "地址":"臺北市士林區德行東路109巷8號"
    }
  },
  {
    "type": "Feature",
    "geometry": {
       "type": "Point",
       "coordinates":  [ 121.5276386,25.11424669 ]
    },
    "properties": {
    "藥局名稱":"天爵藥局",
    "電話":"(02)28733759",
    "地址":"臺北市士林區中山北路6段450巷1號"
    }
  },
  {
    "type": "Feature",
    "geometry": {
       "type": "Point",
       "coordinates":  [ 121.53142,25.1059435 ]
    },
    "properties": {
    "藥局名稱":"石川藥師藥局",
    "電話":"",
    "地址":"臺北市士林區忠義街70號"
    }
  },
  {
    "type": "Feature",
    "geometry": {
       "type": "Point",
       "coordinates":  [ 121.5214694,25.08044249 ]
    },
    "properties": {
    "藥局名稱":"誼安藥局",
    "電話":"",
    "地址":"臺北市士林區通河街42號"
    }
  },
  {
    "type": "Feature",
    "geometry": {
       "type": "Point",
       "coordinates":  [ 121.5200325,25.09056437 ]
    },
    "properties": {
    "藥局名稱":"聖賢藥局",
    "電話":"(02)28833046",
    "地址":"臺北市士林區士商路58號"
    }
  },
  {
    "type": "Feature",
    "geometry": {
       "type": "Point",
       "coordinates":  [ 121.5256719,25.09131395 ]
    },
    "properties": {
    "藥局名稱":"大東健保藥局",
    "電話":"(02)28834672",
    "地址":"臺北市士林區大東路86之4號"
    }
  },
  {
    "type": "Feature",
    "geometry": {
       "type": "Point",
       "coordinates":  [ 121.5103454,25.08990134 ]
    },
    "properties": {
    "藥局名稱":"光榮藥局",
    "電話":"(02)28136060",
    "地址":"臺北市士林區社中街118號"
    }
  },
  {
    "type": "Feature",
    "geometry": {
       "type": "Point",
       "coordinates":  [ 121.5245315,25.10890703 ]
    },
    "properties": {
    "藥局名稱":"天母康甯健保藥局",
    "電話":"(02)28366631",
    "地址":"臺北市士林區克強路8號"
    }
  },
  {
    "type": "Feature",
    "geometry": {
       "type": "Point",
       "coordinates":  [ 121.5180056,25.0888786 ]
    },
    "properties": {
    "藥局名稱":"大南春天生活藥局",
    "電話":"(02)28882196",
    "地址":"臺北市士林區大南路317、319號"
    }
  },
  {
    "type": "Feature",
    "geometry": {
       "type": "Point",
       "coordinates":  [ 121.5040515,25.09242095 ]
    },
    "properties": {
    "藥局名稱":"和謙藥局",
    "電話":"(02)28165678",
    "地址":"臺北市士林區社中街362號"
    }
  },
  {
    "type": "Feature",
    "geometry": {
       "type": "Point",
       "coordinates":  [ 121.53142,25.1059435 ]
    },
    "properties": {
    "藥局名稱":"躍獅忠誠藥局",
    "電話":"(02)28387948",
    "地址":"臺北市士林區忠義街70號"
    }
  },
  {
    "type": "Feature",
    "geometry": {
       "type": "Point",
       "coordinates":  [ 121.5067454,25.08751342 ]
    },
    "properties": {
    "藥局名稱":"祥新藥局",
    "電話":"(02)28110906",
    "地址":"臺北市士林區社子街65號"
    }
  },
  {
    "type": "Feature",
    "geometry": {
       "type": "Point",
       "coordinates":  [ 121.5262169,25.11834825 ]
    },
    "properties": {
    "藥局名稱":"天母台安藥局",
    "電話":"(02)28728017",
    "地址":"臺北市士林區天母西路34號"
    }
  },
  {
    "type": "Feature",
    "geometry": {
       "type": "Point",
       "coordinates":  [ 121.5195045,25.0836715 ]
    },
    "properties": {
    "藥局名稱":"華齡春天生活藥局",
    "電話":"(02)28882156",
    "地址":"臺北市士林區華齡街36、38號"
    }
  },
  {
    "type": "Feature",
    "geometry": {
       "type": "Point",
       "coordinates":  [ 121.5274641,25.10730213 ]
    },
    "properties": {
    "藥局名稱":"德行春天生活藥局",
    "電話":"(02)28380306",
    "地址":"臺北市士林區德行東路76號"
    }
  },
  {
    "type": "Feature",
    "geometry": {
       "type": "Point",
       "coordinates":  [ 121.5287782,25.11156217 ]
    },
    "properties": {
    "藥局名稱":"家安健保藥局",
    "電話":"(02)28322182",
    "地址":"臺北市士林區德行東路109巷119號"
    }
  },
  {
    "type": "Feature",
    "geometry": {
       "type": "Point",
       "coordinates":  [ 121.5191837,25.08278827 ]
    },
    "properties": {
    "藥局名稱":"後港五代全民藥局",
    "電話":"(02)28818914",
    "地址":"臺北市士林區和豐街6號"
    }
  },
  {
    "type": "Feature",
    "geometry": {
       "type": "Point",
       "coordinates":  [ 121.5102874,25.08299467 ]
    },
    "properties": {
    "藥局名稱":"康佑藥局",
    "電話":"(02)28119981",
    "地址":"臺北市士林區延平北路五段176號"
    }
  },
  {
    "type": "Feature",
    "geometry": {
       "type": "Point",
       "coordinates":  [ 121.5214727,25.08850168 ]
    },
    "properties": {
    "藥局名稱":"愛佳藥局",
    "電話":"(02)28811199",
    "地址":"臺北市士林區承德路四段222之1號"
    }
  },
  {
    "type": "Feature",
    "geometry": {
       "type": "Point",
       "coordinates":  [ 121.5099306,25.08033752 ]
    },
    "properties": {
    "藥局名稱":"安奕藥局",
    "電話":"(02)28133289",
    "地址":"臺北市士林區葫蘆街30巷12號"
    }
  },
  {
    "type": "Feature",
    "geometry": {
       "type": "Point",
       "coordinates":  [ 121.5257822,25.0903464 ]
    },
    "properties": {
    "藥局名稱":"太和堂中西藥局",
    "電話":"(02)28814122",
    "地址":"臺北市士林區大東路74號(實際使用:1樓)"
    }
  },
  {
    "type": "Feature",
    "geometry": {
       "type": "Point",
       "coordinates":  [ 121.5252009,25.10758681 ]
    },
    "properties": {
    "藥局名稱":"佩佩藥局",
    "電話":"(02)28382662",
    "地址":"臺北市士林區中山北路六段182號"
    }
  },
  {
    "type": "Feature",
    "geometry": {
       "type": "Point",
       "coordinates":  [ 121.522764,25.1036122 ]
    },
    "properties": {
    "藥局名稱":"躍獅芝山藥局",
    "電話":"(02)28365822",
    "地址":"臺北市士林區福華路154號(實際使用:1樓)"
    }
  },
  {
    "type": "Feature",
    "geometry": {
       "type": "Point",
       "coordinates":  [ 121.5094168,25.085893 ]
    },
    "properties": {
    "藥局名稱":"三原藥局",
    "電話":"(02)28111888",
    "地址":"臺北市士林區延平北路五段293號(實際使用:1樓)"
    }
  },
  {
    "type": "Feature",
    "geometry": {
       "type": "Point",
       "coordinates":  [ 121.5290591,25.11256439 ]
    },
    "properties": {
    "藥局名稱":"士東藥局",
    "電話":"(02)28760588",
    "地址":"臺北市士林區士東路91巷3號"
    }
  },
  {
    "type": "Feature",
    "geometry": {
       "type": "Point",
       "coordinates":  [ 121.5100118,25.0847227 ]
    },
    "properties": {
    "藥局名稱":"杏一士林延平藥局",
    "電話":"(02)28112937",
    "地址":"臺北市士林區延平北路5段250號(1樓)、252號1樓"
    }
  },
  {
    "type": "Feature",
    "geometry": {
       "type": "Point",
       "coordinates":  [ 121.5212651,25.09634087 ]
    },
    "properties": {
    "藥局名稱":"文昌大藥局",
    "電話":"(02)28376196",
    "地址":"臺北市士林區文昌路72號1樓"
    }
  },
  {
    "type": "Feature",
    "geometry": {
       "type": "Point",
       "coordinates":  [ 121.53271,25.12416526 ]
    },
    "properties": {
    "藥局名稱":"中山盛康藥局",
    "電話":"(02)28771887",
    "地址":"臺北市士林區中山北路7段162號1樓"
    }
  },
  {
    "type": "Feature",
    "geometry": {
       "type": "Point",
       "coordinates":  [ 121.5327738,25.11884507 ]
    },
    "properties": {
    "藥局名稱":"藥本家藥局",
    "電話":"(02)28766682",
    "地址":"臺北市士林區中山北路7段14巷26號1樓"
    }
  },
  {
    "type": "Feature",
    "geometry": {
       "type": "Point",
       "coordinates":  [ 121.5050936,25.08995764 ]
    },
    "properties": {
    "藥局名稱":"誠泰中西藥局",
    "電話":"(02)88112352",
    "地址":"臺北市士林區永平街13號1樓"
    }
  },
  {
    "type": "Feature",
    "geometry": {
       "type": "Point",
       "coordinates":  [ 121.5212148,25.09646283 ]
    },
    "properties": {
    "藥局名稱":"加赫藥局",
    "電話":"(02)28336362",
    "地址":"臺北市士林區文昌路76號1樓"
    }
  },
  {
    "type": "Feature",
    "geometry": {
       "type": "Point",
       "coordinates":  [ 121.520436,25.08090076 ]
    },
    "properties": {
    "藥局名稱":"美麗田藥局",
    "電話":"(02)28855990",
    "地址":"臺北市士林區通河街78號1樓"
    }
  },
  {
    "type": "Feature",
    "geometry": {
       "type": "Point",
       "coordinates":  [ 121.5245433,25.0948515 ]
    },
    "properties": {
    "藥局名稱":"慈航藥局",
    "電話":"(02)28813168",
    "地址":"臺北市士林區文林路441號(1樓)"
    }
  },
  {
    "type": "Feature",
    "geometry": {
       "type": "Point",
       "coordinates":  [ 121.531987,25.1088979 ]
    },
    "properties": {
    "藥局名稱":"德行盛康藥局",
    "電話":"(02)28348756",
    "地址":"臺北市士林區德行東路206之1號1樓"
    }
  },
  {
    "type": "Feature",
    "geometry": {
       "type": "Point",
       "coordinates":  [ 121.5214307,25.08456521 ]
    },
    "properties": {
    "藥局名稱":"劍潭藥局",
    "電話":"(02)28826998",
    "地址":"臺北市士林區劍潭路55巷22號1樓"
    }
  },
  {
    "type": "Feature",
    "geometry": {
       "type": "Point",
       "coordinates":  [ 121.5225295,25.08365682 ]
    },
    "properties": {
    "藥局名稱":"心晴藥局",
    "電話":"(02)28856572",
    "地址":"臺北市士林區劍潭路28號1樓"
    }
  },
  {
    "type": "Feature",
    "geometry": {
       "type": "Point",
       "coordinates":  [ 121.5277355,25.1185034 ]
    },
    "properties": {
    "藥局名稱":"向謙未來藥局",
    "電話":"(02)28760058",
    "地址":"臺北市士林區天母西路33號1樓"
    }
  },
  {
    "type": "Feature",
    "geometry": {
       "type": "Point",
       "coordinates":  [ 121.5319189,25.11819156 ]
    },
    "properties": {
    "藥局名稱":"沐光中西藥局",
    "電話":"(02)28761312",
    "地址":"臺北市士林區天母東路29號1樓"
    }
  },
  {
    "type": "Feature",
    "geometry": {
       "type": "Point",
       "coordinates":  [ 121.521552,25.095632 ]
    },
    "properties": {
    "藥局名稱":"文昌春天藥局",
    "電話":"(02)28838539",
    "地址":"臺北市士林區文昌路44號(1樓)"
    }
  },
  {
    "type": "Feature",
    "geometry": {
       "type": "Point",
       "coordinates":  [ 121.509683,25.08482656 ]
    },
    "properties": {
    "藥局名稱":"健揚藥局",
    "電話":"(02)28163698",
    "地址":"臺北市士林區延平北路5段251號1樓"
    }
  },
  {
    "type": "Feature",
    "geometry": {
       "type": "Point",
       "coordinates":  [ 121.5289417,25.11234071 ]
    },
    "properties": {
    "藥局名稱":"康是美士東藥局",
    "電話":"(02)28746085",
    "地址":"臺北市士林區士東路91巷1號1樓及1之1號1樓"
    }
  },
  {
    "type": "Feature",
    "geometry": {
       "type": "Point",
       "coordinates":  [ 121.5086985,25.08758667 ]
    },
    "properties": {
    "藥局名稱":"社子藥局",
    "電話":"(02)28166135",
    "地址":"臺北市士林區社子街4號1樓"
    }
  },
  {
    "type": "Feature",
    "geometry": {
       "type": "Point",
       "coordinates":  [ 121.5255863,25.1095898 ]
    },
    "properties": {
    "藥局名稱":"天養藥局",
    "電話":"",
    "地址":"臺北市士林區中山北路6段262號(1樓)"
    }
  },
  {
    "type": "Feature",
    "geometry": {
       "type": "Point",
       "coordinates":  [ 121.5253291,25.0893469 ]
    },
    "properties": {
    "藥局名稱":"士林泰安藥局",
    "電話":"(02)28813509",
    "地址":"臺北市士林區大東路36號(1樓)"
    }
  },
  {
    "type": "Feature",
    "geometry": {
       "type": "Point",
       "coordinates":  [ 121.5278368,25.1118739 ]
    },
    "properties": {
    "藥局名稱":"晨熙藥局",
    "電話":"(02)28316333",
    "地址":"臺北市士林區士東路48號1樓"
    }
  },
  {
    "type": "Feature",
    "geometry": {
       "type": "Point",
       "coordinates":  [ 121.5304328,25.11483515 ]
    },
    "properties": {
    "藥局名稱":"千盛台安藥局",
    "電話":"(02)28720208",
    "地址":"臺北市士林區天母東路8巷84號1樓"
    }
  },
  {
    "type": "Feature",
    "geometry": {
       "type": "Point",
       "coordinates":  [ 121.5176933,25.08706843 ]
    },
    "properties": {
    "藥局名稱":"躍獅福港藥局",
    "電話":"(02)2883-6209",
    "地址":"臺北市士林區福港街162號1樓"
    }
  },
  {
    "type": "Feature",
    "geometry": {
       "type": "Point",
       "coordinates":  [ 121.5231461,25.1216861 ]
    },
    "properties": {
    "藥局名稱":"石牌有間藥局",
    "電話":"(02)28760111",
    "地址":"臺北市北投區石牌路2段313號1樓"
    }
  },
  {
    "type": "Feature",
    "geometry": {
       "type": "Point",
       "coordinates":  [ 121.5127873,25.11729753 ]
    },
    "properties": {
    "藥局名稱":"致遠台安藥局",
    "電話":"(02)28263580",
    "地址":"臺北市北投區致遠二路141號1樓"
    }
  },
  {
    "type": "Feature",
    "geometry": {
       "type": "Point",
       "coordinates":  [ 121.4670676,25.12073577 ]
    },
    "properties": {
    "藥局名稱":"關渡松藥局",
    "電話":"(02)28584824",
    "地址":"臺北市北投區知行路247號1樓"
    }
  },
  {
    "type": "Feature",
    "geometry": {
       "type": "Point",
       "coordinates":  [ 121.5068156,25.11850949 ]
    },
    "properties": {
    "藥局名稱":"吉利春天生活藥局",
    "電話":"(02)28253256",
    "地址":"臺北市北投區吉利街120號1樓"
    }
  },
  {
    "type": "Feature",
    "geometry": {
       "type": "Point",
       "coordinates":  [ 121.5185604,25.11584546 ]
    },
    "properties": {
    "藥局名稱":"赫爾振華藥局",
    "電話":"(02)28233730",
    "地址":"臺北市北投區振華街34號1樓"
    }
  },
  {
    "type": "Feature",
    "geometry": {
       "type": "Point",
       "coordinates":  [ 121.4992872,25.13485327 ]
    },
    "properties": {
    "藥局名稱":"中北生活藥局",
    "電話":"",
    "地址":"臺北市北投區中央北路1段113號1樓"
    }
  },
  {
    "type": "Feature",
    "geometry": {
       "type": "Point",
       "coordinates":  [ 121.5128171,25.11306117 ]
    },
    "properties": {
    "藥局名稱":"心樂藥局",
    "電話":"(02)28210261",
    "地址":"臺北市北投區致遠一路2段105號1樓"
    }
  },
  {
    "type": "Feature",
    "geometry": {
       "type": "Point",
       "coordinates":  [ 121.5130564,25.1131307 ]
    },
    "properties": {
    "藥局名稱":"祐民藥局",
    "電話":"(02)28975339",
    "地址":"臺北市北投區中央南路1段209號(1樓)"
    }
  },
  {
    "type": "Feature",
    "geometry": {
       "type": "Point",
       "coordinates":  [ 121.5155151,25.11191768 ]
    },
    "properties": {
    "藥局名稱":"天蓮藥局",
    "電話":"(02)28211824",
    "地址":"臺北市北投區石牌路一段１６６巷１１５號"
    }
  },
  {
    "type": "Feature",
    "geometry": {
       "type": "Point",
       "coordinates":  [ 121.5152668,25.11085944 ]
    },
    "properties": {
    "藥局名稱":"丸三大藥局",
    "電話":"(02)28230637",
    "地址":"臺北市北投區自強街１０５號"
    }
  },
  {
    "type": "Feature",
    "geometry": {
       "type": "Point",
       "coordinates":  [ 121.5105831,25.11329731 ]
    },
    "properties": {
    "藥局名稱":"石牌藥局",
    "電話":"(02)28214986",
    "地址":"臺北市北投區石牌路一段４９號"
    }
  },
  {
    "type": "Feature",
    "geometry": {
       "type": "Point",
       "coordinates":  [ 121.5206425,25.11086327 ]
    },
    "properties": {
    "藥局名稱":"進春藥局",
    "電話":"(02)28216938",
    "地址":"臺北市北投區明德路１５１號"
    }
  },
  {
    "type": "Feature",
    "geometry": {
       "type": "Point",
       "coordinates":  [ 121.5143913,25.11093276 ]
    },
    "properties": {
    "藥局名稱":"石牌大眾藥局",
    "電話":"(02)28232565",
    "地址":"臺北市北投區致遠一路二段７號"
    }
  },
  {
    "type": "Feature",
    "geometry": {
       "type": "Point",
       "coordinates":  [ 121.5169424,25.11599154 ]
    },
    "properties": {
    "藥局名稱":"德昇藥局",
    "電話":"(02)28217565",
    "地址":"臺北市北投區裕民二路２０號"
    }
  },
  {
    "type": "Feature",
    "geometry": {
       "type": "Point",
       "coordinates":  [ 121.4959357,25.13651029 ]
    },
    "properties": {
    "藥局名稱":"福德大藥局",
    "電話":"(02)28920294",
    "地址":"臺北市北投區中央北路二段１９號"
    }
  },
  {
    "type": "Feature",
    "geometry": {
       "type": "Point",
       "coordinates":  [ 121.4668199,25.11935203 ]
    },
    "properties": {
    "藥局名稱":"新祥藥局",
    "電話":"(02)28582551",
    "地址":"臺北市北投區知行路２０８號之１"
    }
  },
  {
    "type": "Feature",
    "geometry": {
       "type": "Point",
       "coordinates":  [ 121.5017015,25.12529909 ]
    },
    "properties": {
    "藥局名稱":"啟春藥局",
    "電話":"(02)28918244",
    "地址":"臺北市北投區崇仁路一段１０２號１樓"
    }
  },
  {
    "type": "Feature",
    "geometry": {
       "type": "Point",
       "coordinates":  [ 121.501323,25.12845753 ]
    },
    "properties": {
    "藥局名稱":"東陽西藥局",
    "電話":"(02)28914208",
    "地址":"臺北市北投區中央南路一段２０３號"
    }
  },
  {
    "type": "Feature",
    "geometry": {
       "type": "Point",
       "coordinates":  [ 121.4671484,25.12129881 ]
    },
    "properties": {
    "藥局名稱":"世全藥局",
    "電話":"(02)28585378",
    "地址":"臺北市北投區知行路２7３號"
    }
  },
  {
    "type": "Feature",
    "geometry": {
       "type": "Point",
       "coordinates":  [ 121.5199112,25.11230786 ]
    },
    "properties": {
    "藥局名稱":"名山藥局",
    "電話":"(02)28226101",
    "地址":"臺北市北投區東陽街４７５號１樓"
    }
  },
  {
    "type": "Feature",
    "geometry": {
       "type": "Point",
       "coordinates":  [ 121.5194585,25.11123428 ]
    },
    "properties": {
    "藥局名稱":"正仁藥局",
    "電話":"(02)28212985",
    "地址":"臺北市北投區建民路１６１之９號"
    }
  },
  {
    "type": "Feature",
    "geometry": {
       "type": "Point",
       "coordinates":  [ 121.511331,25.11202629 ]
    },
    "properties": {
    "藥局名稱":"石牌日春藥局",
    "電話":"(02)28270455",
    "地址":"臺北市北投區自強街５巷１０７號"
    }
  },
  {
    "type": "Feature",
    "geometry": {
       "type": "Point",
       "coordinates":  [ 121.5099133,25.11293027 ]
    },
    "properties": {
    "藥局名稱":"聯合藥局",
    "電話":"(02)28270306",
    "地址":"臺北市北投區石牌路一段二十三號"
    }
  },
  {
    "type": "Feature",
    "geometry": {
       "type": "Point",
       "coordinates":  [ 121.5052942,25.1362139 ]
    },
    "properties": {
    "藥局名稱":"玉山藥局",
    "電話":"(02)28917161",
    "地址":"臺北市北投區光明路一四五號"
    }
  },
  {
    "type": "Feature",
    "geometry": {
       "type": "Point",
       "coordinates":  [ 121.5076995,25.11486057 ]
    },
    "properties": {
    "藥局名稱":"實踐藥局",
    "電話":"(02)28210435",
    "地址":"臺北市北投區實踐街十三號"
    }
  },
  {
    "type": "Feature",
    "geometry": {
       "type": "Point",
       "coordinates":  [ 121.5013713,25.1288423 ]
    },
    "properties": {
    "藥局名稱":"妮妮藥局",
    "電話":"",
    "地址":"臺北市北投區中央南路一段187號"
    }
  },
  {
    "type": "Feature",
    "geometry": {
       "type": "Point",
       "coordinates":  [ 121.5014754,25.14002974 ]
    },
    "properties": {
    "藥局名稱":"明正藥局",
    "電話":"(02)28949409",
    "地址":"臺北市北投區永興路二段19號"
    }
  },
  {
    "type": "Feature",
    "geometry": {
       "type": "Point",
       "coordinates":  [ 121.5002149,25.14065697 ]
    },
    "properties": {
    "藥局名稱":"新資生北投中和大藥局",
    "電話":"(02)77565117",
    "地址":"臺北市北投區中和街294號1樓"
    }
  },
  {
    "type": "Feature",
    "geometry": {
       "type": "Point",
       "coordinates":  [ 121.514563,25.1175365 ]
    },
    "properties": {
    "藥局名稱":"川秀藥局",
    "電話":"(02)28212290",
    "地址":"臺北市北投區石牌路二段九九巷九號一樓"
    }
  },
  {
    "type": "Feature",
    "geometry": {
       "type": "Point",
       "coordinates":  [ 121.5035939,25.1358781 ]
    },
    "properties": {
    "藥局名稱":"建民藥局",
    "電話":"(02)28912339",
    "地址":"臺北市北投區光明路200號(1樓)"
    }
  },
  {
    "type": "Feature",
    "geometry": {
       "type": "Point",
       "coordinates":  [ 121.4692331,25.12842617 ]
    },
    "properties": {
    "藥局名稱":"昌源藥局",
    "電話":"(02)28928695",
    "地址":"臺北市北投區中央北路四段４８５號"
    }
  },
  {
    "type": "Feature",
    "geometry": {
       "type": "Point",
       "coordinates":  [ 121.5013167,25.13309349 ]
    },
    "properties": {
    "藥局名稱":"益元藥局",
    "電話":"(02)28912675",
    "地址":"臺北市北投區光明路１０６號"
    }
  },
  {
    "type": "Feature",
    "geometry": {
       "type": "Point",
       "coordinates":  [ 121.508028,25.126094 ]
    },
    "properties": {
    "藥局名稱":"九福藥局",
    "電話":"(02)28953009",
    "地址":"臺北市北投區公館路２３６號"
    }
  },
  {
    "type": "Feature",
    "geometry": {
       "type": "Point",
       "coordinates":  [ 121.5193377,25.11218841 ]
    },
    "properties": {
    "藥局名稱":"弘安藥局",
    "電話":"(02)28206390",
    "地址":"臺北市北投區懷德街３３號１樓"
    }
  },
  {
    "type": "Feature",
    "geometry": {
       "type": "Point",
       "coordinates":  [ 121.5065625,25.11817333 ]
    },
    "properties": {
    "藥局名稱":"黎明藥局",
    "電話":"(02)28223795",
    "地址":"臺北市北投區尊賢街２５３之１號"
    }
  },
  {
    "type": "Feature",
    "geometry": {
       "type": "Point",
       "coordinates":  [ 121.5014574,25.1315735 ]
    },
    "properties": {
    "藥局名稱":"明華藥局",
    "電話":"(02)28971056",
    "地址":"臺北市北投區清江路8號(實際使用:1樓)"
    }
  },
  {
    "type": "Feature",
    "geometry": {
       "type": "Point",
       "coordinates":  [ 121.5196068,25.10939934 ]
    },
    "properties": {
    "藥局名稱":"美康藥局",
    "電話":"(02)28281176",
    "地址":"臺北市北投區明德路９０號１樓"
    }
  },
  {
    "type": "Feature",
    "geometry": {
       "type": "Point",
       "coordinates":  [ 121.5003904,25.14046594 ]
    },
    "properties": {
    "藥局名稱":"良興藥局",
    "電話":"",
    "地址":"臺北市北投區中和街286號"
    }
  },
  {
    "type": "Feature",
    "geometry": {
       "type": "Point",
       "coordinates":  [ 121.4999972,25.14085774 ]
    },
    "properties": {
    "藥局名稱":"康揚藥局",
    "電話":"(02)28946520",
    "地址":"臺北市北投區中和街308號1樓"
    }
  },
  {
    "type": "Feature",
    "geometry": {
       "type": "Point",
       "coordinates":  [ 121.5007619,25.14009979 ]
    },
    "properties": {
    "藥局名稱":"嘉禾大藥局",
    "電話":"(02)28984758",
    "地址":"臺北市北投區中和街二六四號"
    }
  },
  {
    "type": "Feature",
    "geometry": {
       "type": "Point",
       "coordinates":  [ 121.5072858,25.11707035 ]
    },
    "properties": {
    "藥局名稱":"祐鄰藥局",
    "電話":"",
    "地址":"臺北市北投區尊賢街二五○號"
    }
  },
  {
    "type": "Feature",
    "geometry": {
       "type": "Point",
       "coordinates":  [ 121.5013678,25.1314467 ]
    },
    "properties": {
    "藥局名稱":"小明藥局",
    "電話":"(02)28967136",
    "地址":"臺北市北投區中央南路一段六九號二樓"
    }
  },
  {
    "type": "Feature",
    "geometry": {
       "type": "Point",
       "coordinates":  [ 121.4996709,25.14097008 ]
    },
    "properties": {
    "藥局名稱":"上頤藥局",
    "電話":"(02)28981210",
    "地址":"臺北市北投區中和街327號1樓"
    }
  },
  {
    "type": "Feature",
    "geometry": {
       "type": "Point",
       "coordinates":  [ 121.5161219,25.11113558 ]
    },
    "properties": {
    "藥局名稱":"國泰藥師藥局",
    "電話":"(02)28223995",
    "地址":"臺北市北投區自強街139-1號"
    }
  },
  {
    "type": "Feature",
    "geometry": {
       "type": "Point",
       "coordinates":  [ 121.5154228,25.1107518 ]
    },
    "properties": {
    "藥局名稱":"長宜藥局",
    "電話":"(02)28216605",
    "地址":"臺北市北投區自強街112號(1樓)"
    }
  },
  {
    "type": "Feature",
    "geometry": {
       "type": "Point",
       "coordinates":  [ 121.5032945,25.13566318 ]
    },
    "properties": {
    "藥局名稱":"大家藥局",
    "電話":"(02)28959000",
    "地址":"臺北市北投區光明路182號"
    }
  },
  {
    "type": "Feature",
    "geometry": {
       "type": "Point",
       "coordinates":  [ 121.5210654,25.1188824 ]
    },
    "properties": {
    "藥局名稱":"維康藥局",
    "電話":"(02)28206343",
    "地址":"臺北市北投區石牌路2段191.193號"
    }
  },
  {
    "type": "Feature",
    "geometry": {
       "type": "Point",
       "coordinates":  [ 121.5017036,25.13044328 ]
    },
    "properties": {
    "藥局名稱":"杏嘉藥局",
    "電話":"(02)28982340",
    "地址":"臺北市北投區清江路68號"
    }
  },
  {
    "type": "Feature",
    "geometry": {
       "type": "Point",
       "coordinates":  [ 121.5176331,25.1124743 ]
    },
    "properties": {
    "藥局名稱":"冠亞藥局",
    "電話":"(02)28217099",
    "地址":"臺北市北投區東陽街403號(1樓)"
    }
  },
  {
    "type": "Feature",
    "geometry": {
       "type": "Point",
       "coordinates":  [ 121.5011948,25.13015116 ]
    },
    "properties": {
    "藥局名稱":"鴻恩藥局",
    "電話":"(02)28926410",
    "地址":"臺北市北投區中央南路一段129號"
    }
  },
  {
    "type": "Feature",
    "geometry": {
       "type": "Point",
       "coordinates":  [ 121.5012179,25.13309534 ]
    },
    "properties": {
    "藥局名稱":"昱仁藥局",
    "電話":"(02)28979050",
    "地址":"臺北市北投區光明路102號2樓"
    }
  },
  {
    "type": "Feature",
    "geometry": {
       "type": "Point",
       "coordinates":  [ 121.5207644,25.11046372 ]
    },
    "properties": {
    "藥局名稱":"佳祈健保藥局",
    "電話":"(02)28232535",
    "地址":"臺北市北投區明德路144號"
    }
  },
  {
    "type": "Feature",
    "geometry": {
       "type": "Point",
       "coordinates":  [ 121.508706,25.11520921 ]
    },
    "properties": {
    "藥局名稱":"天禧大藥局",
    "電話":"(02)28213558",
    "地址":"臺北市北投區實踐街35號"
    }
  },
  {
    "type": "Feature",
    "geometry": {
       "type": "Point",
       "coordinates":  [ 121.5111381,25.1136388 ]
    },
    "properties": {
    "藥局名稱":"秝安藥局",
    "電話":"(02)28215399",
    "地址":"臺北市北投區石牌路一段69之1號(實際使用:1樓)"
    }
  },
  {
    "type": "Feature",
    "geometry": {
       "type": "Point",
       "coordinates":  [ 121.4671918,25.12214405 ]
    },
    "properties": {
    "藥局名稱":"萬信藥局",
    "電話":"(02)28583083",
    "地址":"臺北市北投區知行路305號"
    }
  },
  {
    "type": "Feature",
    "geometry": {
       "type": "Point",
       "coordinates":  [ 121.501084,25.13140614 ]
    },
    "properties": {
    "藥局名稱":"北投春天藥局",
    "電話":"(02)28916668",
    "地址":"臺北市北投區中央南路一段76號"
    }
  },
  {
    "type": "Feature",
    "geometry": {
       "type": "Point",
       "coordinates":  [ 121.5148634,25.1105069 ]
    },
    "properties": {
    "藥局名稱":"致遠春天藥局",
    "電話":"(02)28253258",
    "地址":"臺北市北投區致遠一路一段132號1、2樓"
    }
  },
  {
    "type": "Feature",
    "geometry": {
       "type": "Point",
       "coordinates":  [ 121.5080306,25.11550738 ]
    },
    "properties": {
    "藥局名稱":"尊賢藥局",
    "電話":"(02)28270505",
    "地址":"臺北市北投區尊賢街212號"
    }
  },
  {
    "type": "Feature",
    "geometry": {
       "type": "Point",
       "coordinates":  [ 121.5012377,25.13044771 ]
    },
    "properties": {
    "藥局名稱":"漢藥局",
    "電話":"(02)28236598",
    "地址":"臺北市北投區中央南路1段115號1樓"
    }
  },
  {
    "type": "Feature",
    "geometry": {
       "type": "Point",
       "coordinates":  [ 121.4847979,25.1378103 ]
    },
    "properties": {
    "藥局名稱":"振生大藥局",
    "電話":"(02)28977292",
    "地址":"臺北市北投區中央北路三段61號"
    }
  },
  {
    "type": "Feature",
    "geometry": {
       "type": "Point",
       "coordinates":  [ 121.5168179,25.111248 ]
    },
    "properties": {
    "藥局名稱":"怡人藥局",
    "電話":"(02)28211598",
    "地址":"臺北市北投區自強街141巷2之1號(1樓)"
    }
  },
  {
    "type": "Feature",
    "geometry": {
       "type": "Point",
       "coordinates":  [ 121.5026935,25.13508442 ]
    },
    "properties": {
    "藥局名稱":"全家藥粧藥局",
    "電話":"(02)28988685",
    "地址":"臺北市北投區光明路166之2號"
    }
  },
  {
    "type": "Feature",
    "geometry": {
       "type": "Point",
       "coordinates":  [ 121.5037609,25.1361901 ]
    },
    "properties": {
    "藥局名稱":"生活藥局",
    "電話":"(02)28933312",
    "地址":"臺北市北投區光明路213號"
    }
  },
  {
    "type": "Feature",
    "geometry": {
       "type": "Point",
       "coordinates":  [ 121.5131036,25.11425877 ]
    },
    "properties": {
    "藥局名稱":"理得藥局",
    "電話":"(02)28289680",
    "地址":"臺北市北投區石牌路一段150號"
    }
  },
  {
    "type": "Feature",
    "geometry": {
       "type": "Point",
       "coordinates":  [ 121.5014269,25.1319197 ]
    },
    "properties": {
    "藥局名稱":"天康大藥局",
    "電話":"(02)28930168",
    "地址":"臺北市北投區中央南路一段57號"
    }
  },
  {
    "type": "Feature",
    "geometry": {
       "type": "Point",
       "coordinates":  [ 121.4997292,25.1328887 ]
    },
    "properties": {
    "藥局名稱":"躍獅光明藥局",
    "電話":"(02)28915993",
    "地址":"臺北市北投區光明路51號(實際使用:1樓)及53號(實際使用:1樓)"
    }
  },
  {
    "type": "Feature",
    "geometry": {
       "type": "Point",
       "coordinates":  [ 121.4947023,25.1451972 ]
    },
    "properties": {
    "藥局名稱":"永欣中西藥局",
    "電話":"(02)28910307",
    "地址":"臺北市北投區中和街501號"
    }
  },
  {
    "type": "Feature",
    "geometry": {
       "type": "Point",
       "coordinates":  [ 121.4997272,25.1313032 ]
    },
    "properties": {
    "藥局名稱":"陳藥師藥局",
    "電話":"(02)28921971",
    "地址":"臺北市北投區光明路2巷13之2號(實際使用:1樓)"
    }
  },
  {
    "type": "Feature",
    "geometry": {
       "type": "Point",
       "coordinates":  [ 121.4980687,25.1336154 ]
    },
    "properties": {
    "藥局名稱":"江南育仁大藥局",
    "電話":"(02)28981850",
    "地址":"臺北市北投區育仁路55號1樓"
    }
  },
  {
    "type": "Feature",
    "geometry": {
       "type": "Point",
       "coordinates":  [ 121.5153138,25.11428828 ]
    },
    "properties": {
    "藥局名稱":"康賢藥局",
    "電話":"(02)28219295",
    "地址":"臺北市北投區西安街1段359號1樓"
    }
  },
  {
    "type": "Feature",
    "geometry": {
       "type": "Point",
       "coordinates":  [ 121.5130564,25.1131307 ]
    },
    "properties": {
    "藥局名稱":"合宸藥局",
    "電話":"(02)28913120",
    "地址":"臺北市北投區中央南路1段59號(1樓)"
    }
  },
  {
    "type": "Feature",
    "geometry": {
       "type": "Point",
       "coordinates":  [ 121.5205735,25.1111579 ]
    },
    "properties": {
    "藥局名稱":"良哲藥局",
    "電話":"(02)28285516",
    "地址":"臺北市北投區明德路157之4號(1樓)"
    }
  },
  {
    "type": "Feature",
    "geometry": {
       "type": "Point",
       "coordinates":  [ 121.500971,25.13963778 ]
    },
    "properties": {
    "藥局名稱":"康是美北投藥局",
    "電話":"(02)28949542",
    "地址":"臺北市北投區中和街249號1樓、2樓及3樓"
    }
  },
  {
    "type": "Feature",
    "geometry": {
       "type": "Point",
       "coordinates":  [ 121.5159513,25.1159294 ]
    },
    "properties": {
    "藥局名稱":"石牌春天藥局",
    "電話":"(02)28250060",
    "地址":"臺北市北投區石牌路2段52號(1樓)"
    }
  },
  {
    "type": "Feature",
    "geometry": {
       "type": "Point",
       "coordinates":  [ 121.592713,25.07908205 ]
    },
    "properties": {
    "藥局名稱":"順欣藥局",
    "電話":"(02)27916562",
    "地址":"臺北市內湖區星雲街73號"
    }
  },
  {
    "type": "Feature",
    "geometry": {
       "type": "Point",
       "coordinates":  [ 121.5876984,25.068664 ]
    },
    "properties": {
    "藥局名稱":"展恩藥局",
    "電話":"(02)27953041",
    "地址":"臺北市內湖區民權東路六段136巷4號"
    }
  },
  {
    "type": "Feature",
    "geometry": {
       "type": "Point",
       "coordinates":  [ 121.5902646,25.08035315 ]
    },
    "properties": {
    "藥局名稱":"大內湖藥局",
    "電話":"(02)27956286",
    "地址":"臺北市內湖區成功路3段164號1樓"
    }
  },
  {
    "type": "Feature",
    "geometry": {
       "type": "Point",
       "coordinates":  [ 121.5680996,25.08291439 ]
    },
    "properties": {
    "藥局名稱":"健成藥局",
    "電話":"(02)27986969",
    "地址":"臺北市內湖區內湖路1段323巷5弄1號1樓"
    }
  },
  {
    "type": "Feature",
    "geometry": {
       "type": "Point",
       "coordinates":  [ 121.6157878,25.06785039 ]
    },
    "properties": {
    "藥局名稱":"安康藥局",
    "電話":"(02)26327675",
    "地址":"臺北市內湖區安康路482號1樓"
    }
  },
  {
    "type": "Feature",
    "geometry": {
       "type": "Point",
       "coordinates":  [ 121.6180575,25.0702934 ]
    },
    "properties": {
    "藥局名稱":"赫得藥局",
    "電話":"(02)26328642",
    "地址":"臺北市內湖區康樂街七十二巷十七弄四號一樓"
    }
  },
  {
    "type": "Feature",
    "geometry": {
       "type": "Point",
       "coordinates":  [ 121.5728334,25.08168028 ]
    },
    "properties": {
    "藥局名稱":"富山藥局",
    "電話":"(02)27996446",
    "地址":"臺北市內湖區麗山街３６４巷２號１樓"
    }
  },
  {
    "type": "Feature",
    "geometry": {
       "type": "Point",
       "coordinates":  [ 121.5677784,25.08442727 ]
    },
    "properties": {
    "藥局名稱":"新資生西湖大藥局",
    "電話":"(02)77231850",
    "地址":"臺北市內湖區內湖路1段285巷65弄17號1樓"
    }
  },
  {
    "type": "Feature",
    "geometry": {
       "type": "Point",
       "coordinates":  [ 121.5781384,25.07785849 ]
    },
    "properties": {
    "藥局名稱":"江楠欣辰藥局",
    "電話":"(02)87510260",
    "地址":"臺北市內湖區江南街37號1樓"
    }
  },
  {
    "type": "Feature",
    "geometry": {
       "type": "Point",
       "coordinates":  [ 121.6141484,25.06908763 ]
    },
    "properties": {
    "藥局名稱":"東湖藥局",
    "電話":"(02)26330112",
    "地址":"臺北市內湖區東湖路43巷2號1樓"
    }
  },
  {
    "type": "Feature",
    "geometry": {
       "type": "Point",
       "coordinates":  [ 121.5828919,25.0783117 ]
    },
    "properties": {
    "藥局名稱":"瑞陽藥局",
    "電話":"(02)26581551",
    "地址":"臺北市內湖區文德路102號1樓"
    }
  },
  {
    "type": "Feature",
    "geometry": {
       "type": "Point",
       "coordinates":  [ 121.5940049,25.08313056 ]
    },
    "properties": {
    "藥局名稱":"芳茂藥局",
    "電話":"(02)27924711",
    "地址":"臺北市內湖區成功路四段151號"
    }
  },
  {
    "type": "Feature",
    "geometry": {
       "type": "Point",
       "coordinates":  [ 121.5898508,25.08685341 ]
    },
    "properties": {
    "藥局名稱":"泰成藥局",
    "電話":"(02)27921231",
    "地址":"臺北市內湖區內湖路三段１３５號１樓"
    }
  },
  {
    "type": "Feature",
    "geometry": {
       "type": "Point",
       "coordinates":  [ 121.5926347,25.08037514 ]
    },
    "properties": {
    "藥局名稱":"富盛藥局",
    "電話":"(02)27908667",
    "地址":"臺北市內湖區成功路四段６１巷２５弄１２號１樓"
    }
  },
  {
    "type": "Feature",
    "geometry": {
       "type": "Point",
       "coordinates":  [ 121.5851909,25.07722798 ]
    },
    "properties": {
    "藥局名稱":"永安藥局",
    "電話":"(02)26586658",
    "地址":"臺北市內湖區文德路210巷30弄48號"
    }
  },
  {
    "type": "Feature",
    "geometry": {
       "type": "Point",
       "coordinates":  [ 121.6124682,25.06970472 ]
    },
    "properties": {
    "藥局名稱":"明湖藥局",
    "電話":"(02)26313515",
    "地址":"臺北市內湖區東湖路７巷２７號１樓"
    }
  },
  {
    "type": "Feature",
    "geometry": {
       "type": "Point",
       "coordinates":  [ 121.6156741,25.06827722 ]
    },
    "properties": {
    "藥局名稱":"清白藥局",
    "電話":"(02)26305743",
    "地址":"臺北市內湖區東湖路108號"
    }
  },
  {
    "type": "Feature",
    "geometry": {
       "type": "Point",
       "coordinates":  [ 121.5726944,25.08154382 ]
    },
    "properties": {
    "藥局名稱":"正心藥局",
    "電話":"(02)27972771",
    "地址":"臺北市內湖區麗山街３６８號１樓"
    }
  },
  {
    "type": "Feature",
    "geometry": {
       "type": "Point",
       "coordinates":  [ 121.5908548,25.06737828 ]
    },
    "properties": {
    "藥局名稱":"宏光藥局",
    "電話":"(02)27919068",
    "地址":"臺北市內湖區成功路二段２２１號１樓"
    }
  },
  {
    "type": "Feature",
    "geometry": {
       "type": "Point",
       "coordinates":  [ 121.5746259,25.08328294 ]
    },
    "properties": {
    "藥局名稱":"麗安藥局",
    "電話":"(02)26580146",
    "地址":"臺北市內湖區港華街８１號１樓"
    }
  },
  {
    "type": "Feature",
    "geometry": {
       "type": "Point",
       "coordinates":  [ 121.6113254,25.0671244 ]
    },
    "properties": {
    "藥局名稱":"盧狄聯合藥局",
    "電話":"(02)26308897",
    "地址":"臺北市內湖區康寧路三段一八九巷五十七號"
    }
  },
  {
    "type": "Feature",
    "geometry": {
       "type": "Point",
       "coordinates":  [ 121.606229,25.0720308 ]
    },
    "properties": {
    "藥局名稱":"康信藥局",
    "電話":"(02)26342088",
    "地址":"臺北市內湖區民權東路六段296巷29號"
    }
  },
  {
    "type": "Feature",
    "geometry": {
       "type": "Point",
       "coordinates":  [ 121.6188594,25.07014656 ]
    },
    "properties": {
    "藥局名稱":"康健藥局",
    "電話":"(02)26305825",
    "地址":"臺北市內湖區康樂街80號"
    }
  },
  {
    "type": "Feature",
    "geometry": {
       "type": "Point",
       "coordinates":  [ 121.6170025,25.06987934 ]
    },
    "properties": {
    "藥局名稱":"富康東湖藥局",
    "電話":"(02)26323222",
    "地址":"臺北市內湖區東湖路119巷49弄16號"
    }
  },
  {
    "type": "Feature",
    "geometry": {
       "type": "Point",
       "coordinates":  [ 121.5786133,25.07236251 ]
    },
    "properties": {
    "藥局名稱":"高昱藥局",
    "電話":"(02)87519962",
    "地址":"臺北市內湖區陽光街321巷26號2樓之15"
    }
  },
  {
    "type": "Feature",
    "geometry": {
       "type": "Point",
       "coordinates":  [ 121.590978,25.08230202 ]
    },
    "properties": {
    "藥局名稱":"樂活藥師藥局",
    "電話":"(02)27968052",
    "地址":"臺北市內湖區內湖路2段368號"
    }
  },
  {
    "type": "Feature",
    "geometry": {
       "type": "Point",
       "coordinates":  [ 121.584052,25.07870436 ]
    },
    "properties": {
    "藥局名稱":"樂康藥妝藥局",
    "電話":"(02)26562110",
    "地址":"臺北市內湖區文德路117號"
    }
  },
  {
    "type": "Feature",
    "geometry": {
       "type": "Point",
       "coordinates":  [ 121.5932258,25.0812065 ]
    },
    "properties": {
    "藥局名稱":"思恩藥局",
    "電話":"(02)27965808",
    "地址":"臺北市內湖區成功路4段61巷26號"
    }
  },
  {
    "type": "Feature",
    "geometry": {
       "type": "Point",
       "coordinates":  [ 121.5920845,25.08166562 ]
    },
    "properties": {
    "藥局名稱":"早安元氣藥局",
    "電話":"(02)27923633",
    "地址":"臺北市內湖區成功路4段53號1樓"
    }
  },
  {
    "type": "Feature",
    "geometry": {
       "type": "Point",
       "coordinates":  [ 121.5996376,25.08487859 ]
    },
    "properties": {
    "藥局名稱":"壹零捌藥局",
    "電話":"(02)27910061",
    "地址":"臺北市內湖區成功路4段344號"
    }
  },
  {
    "type": "Feature",
    "geometry": {
       "type": "Point",
       "coordinates":  [ 121.5762695,25.07524933 ]
    },
    "properties": {
    "藥局名稱":"瑞光藥局",
    "電話":"(02)87513365",
    "地址":"臺北市內湖區瑞光路212號"
    }
  },
  {
    "type": "Feature",
    "geometry": {
       "type": "Point",
       "coordinates":  [ 121.6173049,25.06812176 ]
    },
    "properties": {
    "藥局名稱":"昇龍藥局",
    "電話":"(02)26316783",
    "地址":"臺北市內湖區東湖路151號"
    }
  },
  {
    "type": "Feature",
    "geometry": {
       "type": "Point",
       "coordinates":  [ 121.5916673,25.08318532 ]
    },
    "properties": {
    "藥局名稱":"桔子藥局",
    "電話":"(02)27930052",
    "地址":"臺北市內湖區內湖路二段333號"
    }
  },
  {
    "type": "Feature",
    "geometry": {
       "type": "Point",
       "coordinates":  [ 121.590203,25.08593489 ]
    },
    "properties": {
    "藥局名稱":"晟安藥局",
    "電話":"(02)87919320",
    "地址":"臺北市內湖區金龍路135號"
    }
  },
  {
    "type": "Feature",
    "geometry": {
       "type": "Point",
       "coordinates":  [ 121.6117906,25.07081493 ]
    },
    "properties": {
    "藥局名稱":"宜昇優良藥局",
    "電話":"(02)26327817",
    "地址":"臺北市內湖區康寧路三段165巷10號"
    }
  },
  {
    "type": "Feature",
    "geometry": {
       "type": "Point",
       "coordinates":  [ 121.5928164,25.07009764 ]
    },
    "properties": {
    "藥局名稱":"躍獅寶湖藥局",
    "電話":"(02)87928335",
    "地址":"臺北市內湖區民權東路六段123巷28號"
    }
  },
  {
    "type": "Feature",
    "geometry": {
       "type": "Point",
       "coordinates":  [ 121.5890454,25.08180262 ]
    },
    "properties": {
    "藥局名稱":"傑昇藥局",
    "電話":"(02)27925957",
    "地址":"臺北市內湖區內湖路二段227號"
    }
  },
  {
    "type": "Feature",
    "geometry": {
       "type": "Point",
       "coordinates":  [ 121.5796932,25.05465735 ]
    },
    "properties": {
    "藥局名稱":"新安健保藥局",
    "電話":"(02)27932289",
    "地址":"臺北市內湖區新明路402號"
    }
  },
  {
    "type": "Feature",
    "geometry": {
       "type": "Point",
       "coordinates":  [ 121.5846466,25.05711399 ]
    },
    "properties": {
    "藥局名稱":"仕德安藥局",
    "電話":"(02)27961683",
    "地址":"臺北市內湖區新明路210號"
    }
  },
  {
    "type": "Feature",
    "geometry": {
       "type": "Point",
       "coordinates":  [ 121.6046726,25.0736172 ]
    },
    "properties": {
    "藥局名稱":"躍獅東湖藥局",
    "電話":"",
    "地址":"臺北市內湖區金湖路378號"
    }
  },
  {
    "type": "Feature",
    "geometry": {
       "type": "Point",
       "coordinates":  [ 121.5909003,25.08640847 ]
    },
    "properties": {
    "藥局名稱":"樂齡藥師藥局",
    "電話":"(02)27919707",
    "地址":"臺北市內湖區內湖路三段103號"
    }
  },
  {
    "type": "Feature",
    "geometry": {
       "type": "Point",
       "coordinates":  [ 121.5673304,25.08376702 ]
    },
    "properties": {
    "藥局名稱":"喜越藥局",
    "電話":"(02)26271955",
    "地址":"臺北市內湖區內湖路一段285巷59弄7號"
    }
  },
  {
    "type": "Feature",
    "geometry": {
       "type": "Point",
       "coordinates":  [ 121.5791186,25.07655418 ]
    },
    "properties": {
    "藥局名稱":"江南大藥局",
    "電話":"(02)26595430",
    "地址":"臺北市內湖區文德路22巷9弄56號"
    }
  },
  {
    "type": "Feature",
    "geometry": {
       "type": "Point",
       "coordinates":  [ 121.5989758,25.08453684 ]
    },
    "properties": {
    "藥局名稱":"躍獅大湖藥局",
    "電話":"(02)27945376",
    "地址":"臺北市內湖區成功路四段329號"
    }
  },
  {
    "type": "Feature",
    "geometry": {
       "type": "Point",
       "coordinates":  [ 121.5653911,25.08288233 ]
    },
    "properties": {
    "藥局名稱":"澴山藥局",
    "電話":"(02)87978793",
    "地址":"臺北市內湖區環山路一段四號"
    }
  },
  {
    "type": "Feature",
    "geometry": {
       "type": "Point",
       "coordinates":  [ 121.5836889,25.07870207 ]
    },
    "properties": {
    "藥局名稱":"瑞暉藥局",
    "電話":"(02)26276828",
    "地址":"臺北市內湖區文德路105號"
    }
  },
  {
    "type": "Feature",
    "geometry": {
       "type": "Point",
       "coordinates":  [ 121.5961049,25.08456557 ]
    },
    "properties": {
    "藥局名稱":"晶龍藥局",
    "電話":"(02)27956255",
    "地址":"臺北市內湖區成功路四段218號"
    }
  },
  {
    "type": "Feature",
    "geometry": {
       "type": "Point",
       "coordinates":  [ 121.60787,25.0726591 ]
    },
    "properties": {
    "藥局名稱":"佑全內湖康寧藥局",
    "電話":"(02)26346578",
    "地址":"臺北市內湖區康寧路三段39號、39號2樓、41號、43號"
    }
  },
  {
    "type": "Feature",
    "geometry": {
       "type": "Point",
       "coordinates":  [ 121.5817806,25.07720303 ]
    },
    "properties": {
    "藥局名稱":"和康健保藥局",
    "電話":"(02)27997202",
    "地址":"臺北市內湖區文德路66巷41號"
    }
  },
  {
    "type": "Feature",
    "geometry": {
       "type": "Point",
       "coordinates":  [ 121.6192412,25.07262737 ]
    },
    "properties": {
    "藥局名稱":"耀元藥局",
    "電話":"(02)26337369",
    "地址":"臺北市內湖區康樂街150號"
    }
  },
  {
    "type": "Feature",
    "geometry": {
       "type": "Point",
       "coordinates":  [ 121.5692618,25.0822 ]
    },
    "properties": {
    "藥局名稱":"西湖藥局",
    "電話":"",
    "地址":"臺北市內湖區內湖路一段355號"
    }
  },
  {
    "type": "Feature",
    "geometry": {
       "type": "Point",
       "coordinates":  [ 121.5906365,25.08143424 ]
    },
    "properties": {
    "藥局名稱":"維安藥局",
    "電話":"(02)27944520",
    "地址":"臺北市內湖區成功路三段174巷23號"
    }
  },
  {
    "type": "Feature",
    "geometry": {
       "type": "Point",
       "coordinates":  [ 121.5800004,25.07659464 ]
    },
    "properties": {
    "藥局名稱":"富康文德藥局",
    "電話":"(02)26272000",
    "地址":"臺北市內湖區文德路22巷27弄4號1樓"
    }
  },
  {
    "type": "Feature",
    "geometry": {
       "type": "Point",
       "coordinates":  [ 121.6171948,25.06814536 ]
    },
    "properties": {
    "藥局名稱":"博昱東福藥局",
    "電話":"(02)26308599",
    "地址":"臺北市內湖區東湖路147號"
    }
  },
  {
    "type": "Feature",
    "geometry": {
       "type": "Point",
       "coordinates":  [ 121.5907588,25.07804238 ]
    },
    "properties": {
    "藥局名稱":"加一藥師藥局",
    "電話":"(02)87912653",
    "地址":"臺北市內湖區星雲街24號1樓"
    }
  },
  {
    "type": "Feature",
    "geometry": {
       "type": "Point",
       "coordinates":  [ 121.5934021,25.07948429 ]
    },
    "properties": {
    "藥局名稱":"內湖藥局",
    "電話":"(02)27940545",
    "地址":"臺北市內湖區康寧路1段116號1樓"
    }
  },
  {
    "type": "Feature",
    "geometry": {
       "type": "Point",
       "coordinates":  [ 121.6089927,25.07167879 ]
    },
    "properties": {
    "藥局名稱":"葫光藥局",
    "電話":"(02)26341000",
    "地址":"臺北市內湖區康寧路3段54巷6號1樓"
    }
  },
  {
    "type": "Feature",
    "geometry": {
       "type": "Point",
       "coordinates":  [ 121.5816571,25.06774006 ]
    },
    "properties": {
    "藥局名稱":"禾馨民權藥局",
    "電話":"(02)27910373",
    "地址":"臺北市內湖區民權東路6段42號1樓"
    }
  },
  {
    "type": "Feature",
    "geometry": {
       "type": "Point",
       "coordinates":  [ 121.5780524,25.0808066 ]
    },
    "properties": {
    "藥局名稱":"杏一港墘藥局",
    "電話":"(02)27997406",
    "地址":"臺北市內湖區港墘路83號(1樓)"
    }
  },
  {
    "type": "Feature",
    "geometry": {
       "type": "Point",
       "coordinates":  [ 121.5919957,25.08033035 ]
    },
    "properties": {
    "藥局名稱":"杏佳藥師藥局",
    "電話":"(02)27949181",
    "地址":"臺北市內湖區康寧路1段51號1樓"
    }
  },
  {
    "type": "Feature",
    "geometry": {
       "type": "Point",
       "coordinates":  [ 121.6075531,25.07206637 ]
    },
    "properties": {
    "藥局名稱":"富田藥局",
    "電話":"(02)26338699",
    "地址":"臺北市內湖區康寧路3段16巷31號1樓"
    }
  },
  {
    "type": "Feature",
    "geometry": {
       "type": "Point",
       "coordinates":  [ 121.6162769,25.06811129 ]
    },
    "properties": {
    "藥局名稱":"佑全內湖東湖藥局",
    "電話":"(02)26337125",
    "地址":"臺北市內湖區東湖路122號1樓"
    }
  },
  {
    "type": "Feature",
    "geometry": {
       "type": "Point",
       "coordinates":  [ 121.6115845,25.07060178 ]
    },
    "properties": {
    "藥局名稱":"佳德健保藥局",
    "電話":"(02)26315910",
    "地址":"臺北市內湖區康寧路3段151號1樓"
    }
  },
  {
    "type": "Feature",
    "geometry": {
       "type": "Point",
       "coordinates":  [ 121.5913985,25.08061675 ]
    },
    "properties": {
    "藥局名稱":"富康活力湖光藥局",
    "電話":"(02)87927999",
    "地址":"臺北市內湖區康寧路1段25號1樓"
    }
  },
  {
    "type": "Feature",
    "geometry": {
       "type": "Point",
       "coordinates":  [ 121.5796375,25.07887841 ]
    },
    "properties": {
    "藥局名稱":"六本熊藥局",
    "電話":"(02)26590017",
    "地址":"臺北市內湖區內湖路2段27號1樓"
    }
  },
  {
    "type": "Feature",
    "geometry": {
       "type": "Point",
       "coordinates":  [ 121.5788115,25.08057767 ]
    },
    "properties": {
    "藥局名稱":"原大藥局",
    "電話":"(02)26596358",
    "地址":"臺北市內湖區內湖路1段737巷50弄5號1樓"
    }
  },
  {
    "type": "Feature",
    "geometry": {
       "type": "Point",
       "coordinates":  [ 121.5760212,25.08017362 ]
    },
    "properties": {
    "藥局名稱":"德威藥局",
    "電話":"(02)27975018",
    "地址":"臺北市內湖區內湖路1段667巷1號1樓"
    }
  },
  {
    "type": "Feature",
    "geometry": {
       "type": "Point",
       "coordinates":  [ 121.6159573,25.06719087 ]
    },
    "properties": {
    "藥局名稱":"五分藥局",
    "電話":"(02)26336122",
    "地址":"臺北市內湖區五分街64號1樓及66號1樓"
    }
  },
  {
    "type": "Feature",
    "geometry": {
       "type": "Point",
       "coordinates":  [ 121.5916214,25.08235036 ]
    },
    "properties": {
    "藥局名稱":"富康活力誠功藥局",
    "電話":"(02)27960222",
    "地址":"臺北市內湖區成功路4段30巷20號1樓"
    }
  },
  {
    "type": "Feature",
    "geometry": {
       "type": "Point",
       "coordinates":  [ 121.5735281,25.0835943 ]
    },
    "properties": {
    "藥局名稱":"知壹藥局",
    "電話":"(02)87519894",
    "地址":"臺北市內湖區港華街101之1號(1樓)"
    }
  },
  {
    "type": "Feature",
    "geometry": {
       "type": "Point",
       "coordinates":  [ 121.5784893,25.0791626 ]
    },
    "properties": {
    "藥局名稱":"康是美麗湖藥局",
    "電話":"(02)26570408",
    "地址":"臺北市內湖區內湖路1段737巷3之1號1樓、19弄1號1樓及19弄3號1樓"
    }
  },
  {
    "type": "Feature",
    "geometry": {
       "type": "Point",
       "coordinates":  [ 121.5911758,25.0805699 ]
    },
    "properties": {
    "藥局名稱":"安安藥局",
    "電話":"(02)87912187",
    "地址":"臺北市內湖區康寧路1段4號1樓"
    }
  },
  {
    "type": "Feature",
    "geometry": {
       "type": "Point",
       "coordinates":  [ 121.5784164,25.07907931 ]
    },
    "properties": {
    "藥局名稱":"內湖春天藥局",
    "電話":"(02)87523085",
    "地址":"臺北市內湖區內湖路1段737巷1號1樓及3號1、2樓"
    }
  },
  {
    "type": "Feature",
    "geometry": {
       "type": "Point",
       "coordinates":  [ 121.5683655,25.0823089 ]
    },
    "properties": {
    "藥局名稱":"躍獅麗湖藥局   ",
    "電話":"(02)26276160",
    "地址":"臺北市內湖區內湖路1段401之1號(1樓)"
    }
  },
  {
    "type": "Feature",
    "geometry": {
       "type": "Point",
       "coordinates":  [ 121.5898874,25.0755119 ]
    },
    "properties": {
    "藥局名稱":"成功啄木鳥藥局",
    "電話":"(02)87927509",
    "地址":"臺北市內湖區成功路3段8號(1樓)"
    }
  },
  {
    "type": "Feature",
    "geometry": {
       "type": "Point",
       "coordinates":  [ 121.6055424,25.05660779 ]
    },
    "properties": {
    "藥局名稱":"旭村藥局",
    "電話":"(02)27820948",
    "地址":"臺北市南港區興華路１１２號"
    }
  },
  {
    "type": "Feature",
    "geometry": {
       "type": "Point",
       "coordinates":  [ 121.5847535,25.04564134 ]
    },
    "properties": {
    "藥局名稱":"麗康藥局",
    "電話":"(02)26515236",
    "地址":"臺北市南港區同德路51號1樓"
    }
  },
  {
    "type": "Feature",
    "geometry": {
       "type": "Point",
       "coordinates":  [ 121.6165702,25.05401416 ]
    },
    "properties": {
    "藥局名稱":"健園藥局",
    "電話":"(02)27851567",
    "地址":"臺北市南港區研究院路一段19號1樓"
    }
  },
  {
    "type": "Feature",
    "geometry": {
       "type": "Point",
       "coordinates":  [ 121.6152335,25.04688584 ]
    },
    "properties": {
    "藥局名稱":"可可藥局",
    "電話":"(02)27886667",
    "地址":"臺北市南港區研究院路二段36號"
    }
  },
  {
    "type": "Feature",
    "geometry": {
       "type": "Point",
       "coordinates":  [ 121.5834483,25.04433432 ]
    },
    "properties": {
    "藥局名稱":"裕成藥局",
    "電話":"(02)27851227",
    "地址":"臺北市南港區玉成街１６６巷１３號"
    }
  },
  {
    "type": "Feature",
    "geometry": {
       "type": "Point",
       "coordinates":  [ 121.5922164,25.05429245 ]
    },
    "properties": {
    "藥局名稱":"新錦安藥局",
    "電話":"(02)27825218",
    "地址":"臺北市南港區南港路三段３４號"
    }
  },
  {
    "type": "Feature",
    "geometry": {
       "type": "Point",
       "coordinates":  [ 121.5840858,25.04510802 ]
    },
    "properties": {
    "藥局名稱":"仁泰藥局",
    "電話":"(02)27855464",
    "地址":"臺北市南港區同德路２８號"
    }
  },
  {
    "type": "Feature",
    "geometry": {
       "type": "Point",
       "coordinates":  [ 121.6053979,25.05425119 ]
    },
    "properties": {
    "藥局名稱":"加欣藥局",
    "電話":"(02)27836222",
    "地址":"臺北市南港區南港路二段26號"
    }
  },
  {
    "type": "Feature",
    "geometry": {
       "type": "Point",
       "coordinates":  [ 121.5831681,25.04328798 ]
    },
    "properties": {
    "藥局名稱":"祥安藥局",
    "電話":"(02)26547322",
    "地址":"臺北市南港區中坡南路25號"
    }
  },
  {
    "type": "Feature",
    "geometry": {
       "type": "Point",
       "coordinates":  [ 121.5841124,25.04465957 ]
    },
    "properties": {
    "藥局名稱":"德鴻藥局",
    "電話":"(02)27893016",
    "地址":"臺北市南港區玉成街１６８號１樓"
    }
  },
  {
    "type": "Feature",
    "geometry": {
       "type": "Point",
       "coordinates":  [ 121.5882673,25.04091936 ]
    },
    "properties": {
    "藥局名稱":"新東發藥局",
    "電話":"(02)27855190",
    "地址":"臺北市南港區成福路１９８號"
    }
  },
  {
    "type": "Feature",
    "geometry": {
       "type": "Point",
       "coordinates":  [ 121.6165119,25.05180935 ]
    },
    "properties": {
    "藥局名稱":"富康活力藥局",
    "電話":"(02)27828810",
    "地址":"臺北市南港區研究院路1段101巷8號1樓"
    }
  },
  {
    "type": "Feature",
    "geometry": {
       "type": "Point",
       "coordinates":  [ 121.6060585,25.05544707 ]
    },
    "properties": {
    "藥局名稱":"亞博藥師藥局",
    "電話":"(02)27838090",
    "地址":"臺北市南港區興華路81號"
    }
  },
  {
    "type": "Feature",
    "geometry": {
       "type": "Point",
       "coordinates":  [ 121.6152004,25.04539707 ]
    },
    "properties": {
    "藥局名稱":"佳龍藥局",
    "電話":"(02)27885951",
    "地址":"臺北市南港區研究院路2段80號"
    }
  },
  {
    "type": "Feature",
    "geometry": {
       "type": "Point",
       "coordinates":  [ 121.616618,25.05177546 ]
    },
    "properties": {
    "藥局名稱":"湳港藥局",
    "電話":"(02)27892200",
    "地址":"臺北市南港區研究院路1段101巷10號1樓"
    }
  },
  {
    "type": "Feature",
    "geometry": {
       "type": "Point",
       "coordinates":  [ 121.6157001,25.05030868 ]
    },
    "properties": {
    "藥局名稱":"進慧藥局",
    "電話":"",
    "地址":"臺北市南港區研究院路一段163號"
    }
  },
  {
    "type": "Feature",
    "geometry": {
       "type": "Point",
       "coordinates":  [ 121.5852902,25.04569787 ]
    },
    "properties": {
    "藥局名稱":"儀安健保藥局",
    "電話":"(02)27893839",
    "地址":"臺北市南港區同德路74號"
    }
  },
  {
    "type": "Feature",
    "geometry": {
       "type": "Point",
       "coordinates":  [ 121.6061283,25.05516682 ]
    },
    "properties": {
    "藥局名稱":"泓安藥局",
    "電話":"(02)27861083",
    "地址":"臺北市南港區興華路75號"
    }
  },
  {
    "type": "Feature",
    "geometry": {
       "type": "Point",
       "coordinates":  [ 121.6205027,25.03985358 ]
    },
    "properties": {
    "藥局名稱":"健涵藥局",
    "電話":"(02)27837285",
    "地址":"臺北市南港區舊莊街一段147號"
    }
  },
  {
    "type": "Feature",
    "geometry": {
       "type": "Point",
       "coordinates":  [ 121.6118829,25.0553586 ]
    },
    "properties": {
    "藥局名稱":"南港藥局",
    "電話":"(02)27829137",
    "地址":"臺北市南港區南港路一段166號"
    }
  },
  {
    "type": "Feature",
    "geometry": {
       "type": "Point",
       "coordinates":  [ 121.616894,25.03784937 ]
    },
    "properties": {
    "藥局名稱":"順翔藥局",
    "電話":"(02)27824332",
    "地址":"臺北市南港區研究院路二段170號"
    }
  },
  {
    "type": "Feature",
    "geometry": {
       "type": "Point",
       "coordinates":  [ 121.5923991,25.05434158 ]
    },
    "properties": {
    "藥局名稱":"景星藥局",
    "電話":"(02)27838816",
    "地址":"臺北市南港區南港路三段26號"
    }
  },
  {
    "type": "Feature",
    "geometry": {
       "type": "Point",
       "coordinates":  [ 121.586734,25.04472686 ]
    },
    "properties": {
    "藥局名稱":"成恩藥局",
    "電話":"(02)27856602",
    "地址":"臺北市南港區成福路23號"
    }
  },
  {
    "type": "Feature",
    "geometry": {
       "type": "Point",
       "coordinates":  [ 121.5879838,25.03948317 ]
    },
    "properties": {
    "藥局名稱":"小藥師健保藥局",
    "電話":"",
    "地址":"臺北市南港區福德街320之1號"
    }
  },
  {
    "type": "Feature",
    "geometry": {
       "type": "Point",
       "coordinates":  [ 121.581777,25.04692213 ]
    },
    "properties": {
    "藥局名稱":"心亮藥局",
    "電話":"(02)27881677",
    "地址":"臺北市南港區玉成街66之7號"
    }
  },
  {
    "type": "Feature",
    "geometry": {
       "type": "Point",
       "coordinates":  [ 121.6211172,25.0394908 ]
    },
    "properties": {
    "藥局名稱":"勝安藥局",
    "電話":"",
    "地址":"臺北市南港區舊莊街一段165號"
    }
  },
  {
    "type": "Feature",
    "geometry": {
       "type": "Point",
       "coordinates":  [ 121.6048022,25.05470165 ]
    },
    "properties": {
    "藥局名稱":"開欣藥局",
    "電話":"(02)26532986",
    "地址":"臺北市南港區南港路二段38巷6之1號"
    }
  },
  {
    "type": "Feature",
    "geometry": {
       "type": "Point",
       "coordinates":  [ 121.585978,25.04561188 ]
    },
    "properties": {
    "藥局名稱":"躍獅忠孝藥局",
    "電話":"(02)27862829",
    "地址":"臺北市南港區成福路16號"
    }
  },
  {
    "type": "Feature",
    "geometry": {
       "type": "Point",
       "coordinates":  [ 121.615133,25.04551573 ]
    },
    "properties": {
    "藥局名稱":"心心藥局",
    "電話":"(02)27862586",
    "地址":"臺北市南港區研究院路2段76號1樓"
    }
  },
  {
    "type": "Feature",
    "geometry": {
       "type": "Point",
       "coordinates":  [ 121.5937912,25.04969297 ]
    },
    "properties": {
    "藥局名稱":"杏安藥局",
    "電話":"(02)27864119",
    "地址":"臺北市南港區昆陽街140巷16號1樓"
    }
  },
  {
    "type": "Feature",
    "geometry": {
       "type": "Point",
       "coordinates":  [ 121.5808634,25.0516999 ]
    },
    "properties": {
    "藥局名稱":"民昇藥局",
    "電話":"(02)27835778",
    "地址":"臺北市南港區南港路3段338號(1樓)"
    }
  },
  {
    "type": "Feature",
    "geometry": {
       "type": "Point",
       "coordinates":  [ 121.6054746,25.05612818 ]
    },
    "properties": {
    "藥局名稱":"東明藥局",
    "電話":"(02)26559663",
    "地址":"臺北市南港區東明街3號1樓"
    }
  },
  {
    "type": "Feature",
    "geometry": {
       "type": "Point",
       "coordinates":  [ 121.58587,25.04577656 ]
    },
    "properties": {
    "藥局名稱":"成福大藥局",
    "電話":"(02)27859221",
    "地址":"臺北市南港區成福路8號1樓"
    }
  },
  {
    "type": "Feature",
    "geometry": {
       "type": "Point",
       "coordinates":  [ 121.583236,25.044788 ]
    },
    "properties": {
    "藥局名稱":"群悅藥局",
    "電話":"(02)26537635",
    "地址":"臺北市南港區玉成街140巷7號(1樓)"
    }
  },
  {
    "type": "Feature",
    "geometry": {
       "type": "Point",
       "coordinates":  [ 121.5858942,25.04573965 ]
    },
    "properties": {
    "藥局名稱":"上丞藥師藥局",
    "電話":"(02)26535589",
    "地址":"臺北市南港區成福路10號1樓"
    }
  },
  {
    "type": "Feature",
    "geometry": {
       "type": "Point",
       "coordinates":  [ 121.5939938,25.04973903 ]
    },
    "properties": {
    "藥局名稱":"富凱昆陽藥局",
    "電話":"",
    "地址":"臺北市南港區昆陽街140巷8號1樓"
    }
  },
  {
    "type": "Feature",
    "geometry": {
       "type": "Point",
       "coordinates":  [ 121.5838874,25.04493705 ]
    },
    "properties": {
    "藥局名稱":"日出藥局",
    "電話":"(02)27886005",
    "地址":"臺北市南港區玉成街158號1樓"
    }
  },
  {
    "type": "Feature",
    "geometry": {
       "type": "Point",
       "coordinates":  [ 121.5829655,25.04345339 ]
    },
    "properties": {
    "藥局名稱":"富康活力眾坡藥局",
    "電話":"(02)27822666",
    "地址":"臺北市南港區中坡南路15號1樓"
    }
  },
  {
    "type": "Feature",
    "geometry": {
       "type": "Point",
       "coordinates":  [ 121.6163716,25.05230491 ]
    },
    "properties": {
    "藥局名稱":"康是美港研藥局",
    "電話":"(02)27836804",
    "地址":"臺北市南港區研究院路1段99號地下1層之1至3、之5至28"
    }
  },
  {
    "type": "Feature",
    "geometry": {
       "type": "Point",
       "coordinates":  [ 121.6171386,25.05199936 ]
    },
    "properties": {
    "藥局名稱":"志銘藥局",
    "電話":"(02)27835216",
    "地址":"臺北市南港區研究院路一段１０１巷１１號"
    }
  },
  {
    "type": "Feature",
    "geometry": {
       "type": "Point",
       "coordinates":  [ 121.5550771,25.00187876 ]
    },
    "properties": {
    "藥局名稱":"合欣藥局",
    "電話":"(02)29357567",
    "地址":"臺北市文山區辛亥路4段234號1樓"
    }
  },
  {
    "type": "Feature",
    "geometry": {
       "type": "Point",
       "coordinates":  [ 121.5446382,24.9933198 ]
    },
    "properties": {
    "藥局名稱":"健安藥局",
    "電話":"(02)29323757",
    "地址":"臺北市文山區景興路165號(1樓)"
    }
  },
  {
    "type": "Feature",
    "geometry": {
       "type": "Point",
       "coordinates":  [ 121.5396453,24.99978391 ]
    },
    "properties": {
    "藥局名稱":"躍獅景新藥局",
    "電話":"(02)29356221",
    "地址":"臺北市文山區羅斯福路6段30號1樓"
    }
  },
  {
    "type": "Feature",
    "geometry": {
       "type": "Point",
       "coordinates":  [ 121.541346,24.99093024 ]
    },
    "properties": {
    "藥局名稱":"康宜庭景文藥局",
    "電話":"(02)29302280",
    "地址":"臺北市文山區景文街97號1樓"
    }
  },
  {
    "type": "Feature",
    "geometry": {
       "type": "Point",
       "coordinates":  [ 121.5566845,24.99969513 ]
    },
    "properties": {
    "藥局名稱":"興隆藥局",
    "電話":"(02)29308099",
    "地址":"臺北市文山區興隆路3段84號2樓"
    }
  },
  {
    "type": "Feature",
    "geometry": {
       "type": "Point",
       "coordinates":  [ 121.5450412,24.99524255 ]
    },
    "properties": {
    "藥局名稱":"景華台安藥局",
    "電話":"(02)29310188",
    "地址":"臺北市文山區景華街69號1樓"
    }
  },
  {
    "type": "Feature",
    "geometry": {
       "type": "Point",
       "coordinates":  [ 121.5609698,24.98888882 ]
    },
    "properties": {
    "藥局名稱":"建興藥局",
    "電話":"(02)29399993",
    "地址":"臺北市文山區木柵路二段８１號１樓"
    }
  },
  {
    "type": "Feature",
    "geometry": {
       "type": "Point",
       "coordinates":  [ 121.5448382,24.99717182 ]
    },
    "properties": {
    "藥局名稱":"健群藥局",
    "電話":"(02)29328898",
    "地址":"臺北市文山區景興路４１號"
    }
  },
  {
    "type": "Feature",
    "geometry": {
       "type": "Point",
       "coordinates":  [ 121.539341,24.99511967 ]
    },
    "properties": {
    "藥局名稱":"瑞安藥局",
    "電話":"(02)29312888",
    "地址":"臺北市文山區溪口街６９之１號１樓"
    }
  },
  {
    "type": "Feature",
    "geometry": {
       "type": "Point",
       "coordinates":  [ 121.5550116,24.9875579 ]
    },
    "properties": {
    "藥局名稱":"新陽藥局",
    "電話":"(02)22341190",
    "地址":"臺北市文山區光輝路16號"
    }
  },
  {
    "type": "Feature",
    "geometry": {
       "type": "Point",
       "coordinates":  [ 121.5593449,24.98324528 ]
    },
    "properties": {
    "藥局名稱":"慈安藥局",
    "電話":"(02)29365629",
    "地址":"臺北市文山區忠順街一段２６巷１８號"
    }
  },
  {
    "type": "Feature",
    "geometry": {
       "type": "Point",
       "coordinates":  [ 121.5599613,24.98416064 ]
    },
    "properties": {
    "藥局名稱":"京城藥局",
    "電話":"(02)29371210",
    "地址":"臺北市文山區忠順街一段４２號１樓"
    }
  },
  {
    "type": "Feature",
    "geometry": {
       "type": "Point",
       "coordinates":  [ 121.544901,24.99874928 ]
    },
    "properties": {
    "藥局名稱":"永明大藥局",
    "電話":"(02)29314428",
    "地址":"臺北市文山區興隆路一段二九七號一樓"
    }
  },
  {
    "type": "Feature",
    "geometry": {
       "type": "Point",
       "coordinates":  [ 121.5534302,25.00166147 ]
    },
    "properties": {
    "藥局名稱":"銘依藥局",
    "電話":"(02)29308538",
    "地址":"臺北市文山區興隆路二段301巷4-1號"
    }
  },
  {
    "type": "Feature",
    "geometry": {
       "type": "Point",
       "coordinates":  [ 121.5585021,24.9812831 ]
    },
    "properties": {
    "藥局名稱":"巧康藥局",
    "電話":"(02)29372061",
    "地址":"臺北市文山區木新路3段262、264號"
    }
  },
  {
    "type": "Feature",
    "geometry": {
       "type": "Point",
       "coordinates":  [ 121.5468254,24.99561119 ]
    },
    "properties": {
    "藥局名稱":"安誠藥局",
    "電話":"(02)29308542",
    "地址":"臺北市文山區景華街124之1號"
    }
  },
  {
    "type": "Feature",
    "geometry": {
       "type": "Point",
       "coordinates":  [ 121.5476371,24.99945314 ]
    },
    "properties": {
    "藥局名稱":"景豐藥局",
    "電話":"(02)29330888",
    "地址":"臺北市文山區興隆路2段54號1樓"
    }
  },
  {
    "type": "Feature",
    "geometry": {
       "type": "Point",
       "coordinates":  [ 121.541192,24.99033056 ]
    },
    "properties": {
    "藥局名稱":"景美藥局",
    "電話":"(02)29335741",
    "地址":"臺北市文山區景文街１２５號"
    }
  },
  {
    "type": "Feature",
    "geometry": {
       "type": "Point",
       "coordinates":  [ 121.5372983,25.00075085 ]
    },
    "properties": {
    "藥局名稱":"錫東藥局",
    "電話":"(02)29341550",
    "地址":"臺北市文山區萬隆街５６號"
    }
  },
  {
    "type": "Feature",
    "geometry": {
       "type": "Point",
       "coordinates":  [ 121.5625274,24.98906005 ]
    },
    "properties": {
    "藥局名稱":"日信專業藥局",
    "電話":"(02)86618322",
    "地址":"臺北市文山區木柵路二段一三九號一樓"
    }
  },
  {
    "type": "Feature",
    "geometry": {
       "type": "Point",
       "coordinates":  [ 121.5524418,25.00148169 ]
    },
    "properties": {
    "藥局名稱":"逸仙藥師藥局",
    "電話":"(02)29312597",
    "地址":"臺北市文山區興隆路二段２１８之１號１樓"
    }
  },
  {
    "type": "Feature",
    "geometry": {
       "type": "Point",
       "coordinates":  [ 121.5613254,24.98514197 ]
    },
    "properties": {
    "藥局名稱":"康宜庭生活藥局",
    "電話":"(02)29385363",
    "地址":"臺北市文山區興隆路四段64號"
    }
  },
  {
    "type": "Feature",
    "geometry": {
       "type": "Point",
       "coordinates":  [ 121.5444236,24.99280187 ]
    },
    "properties": {
    "藥局名稱":"博揚藥局",
    "電話":"(02)89321707",
    "地址":"臺北市文山區景興路一八一號"
    }
  },
  {
    "type": "Feature",
    "geometry": {
       "type": "Point",
       "coordinates":  [ 121.5587023,25.00683841 ]
    },
    "properties": {
    "藥局名稱":"東京晟藥局",
    "電話":"(02)29356354",
    "地址":"臺北市文山區辛亥路四段97號"
    }
  },
  {
    "type": "Feature",
    "geometry": {
       "type": "Point",
       "coordinates":  [ 121.547879,24.99693269 ]
    },
    "properties": {
    "藥局名稱":"仙瑩藥局",
    "電話":"(02)89321817",
    "地址":"臺北市文山區景華街166號"
    }
  },
  {
    "type": "Feature",
    "geometry": {
       "type": "Point",
       "coordinates":  [ 121.5492175,25.0005901 ]
    },
    "properties": {
    "藥局名稱":"舒博威藥局",
    "電話":"(02)29306805",
    "地址":"臺北市文山區興隆路二段九十五巷三號"
    }
  },
  {
    "type": "Feature",
    "geometry": {
       "type": "Point",
       "coordinates":  [ 121.5398439,24.991001 ]
    },
    "properties": {
    "藥局名稱":"佳醫景美藥局",
    "電話":"(02)86636659",
    "地址":"臺北市文山區羅斯福路六段二九0號"
    }
  },
  {
    "type": "Feature",
    "geometry": {
       "type": "Point",
       "coordinates":  [ 121.5615649,24.9853556 ]
    },
    "properties": {
    "藥局名稱":"慶豐好藥局",
    "電話":"(02)29384775",
    "地址":"臺北市文山區興隆路四段135號1樓"
    }
  },
  {
    "type": "Feature",
    "geometry": {
       "type": "Point",
       "coordinates":  [ 121.5477628,24.99955373 ]
    },
    "properties": {
    "藥局名稱":"華君藥局",
    "電話":"(02)29319510",
    "地址":"臺北市文山區興隆路二段60號"
    }
  },
  {
    "type": "Feature",
    "geometry": {
       "type": "Point",
       "coordinates":  [ 121.5584276,24.9983535 ]
    },
    "properties": {
    "藥局名稱":"永原大藥局",
    "電話":"(02)22305729",
    "地址":"臺北市文山區興隆路三段166號"
    }
  },
  {
    "type": "Feature",
    "geometry": {
       "type": "Point",
       "coordinates":  [ 121.5620665,24.98900741 ]
    },
    "properties": {
    "藥局名稱":"皇興藥師藥局",
    "電話":"(02)29365553",
    "地址":"臺北市文山區木柵路2段121號"
    }
  },
  {
    "type": "Feature",
    "geometry": {
       "type": "Point",
       "coordinates":  [ 121.568694,24.98785759 ]
    },
    "properties": {
    "藥局名稱":"人人健保藥局",
    "電話":"(02)86610761",
    "地址":"臺北市文山區保儀路39號"
    }
  },
  {
    "type": "Feature",
    "geometry": {
       "type": "Point",
       "coordinates":  [ 121.5395045,25.00115071 ]
    },
    "properties": {
    "藥局名稱":"杏隆藥局",
    "電話":"(02)29313151",
    "地址":"臺北市文山區羅斯福路5段261號"
    }
  },
  {
    "type": "Feature",
    "geometry": {
       "type": "Point",
       "coordinates":  [ 121.5587971,24.99312436 ]
    },
    "properties": {
    "藥局名稱":"永源大藥局",
    "電話":"(02)22396166",
    "地址":"臺北市文山區興隆路3段302號"
    }
  },
  {
    "type": "Feature",
    "geometry": {
       "type": "Point",
       "coordinates":  [ 121.5384483,25.00322085 ]
    },
    "properties": {
    "藥局名稱":"康宜庭萬隆藥局",
    "電話":"(02)29348662",
    "地址":"臺北市文山區羅斯福路五段202號"
    }
  },
  {
    "type": "Feature",
    "geometry": {
       "type": "Point",
       "coordinates":  [ 121.5687107,24.98814733 ]
    },
    "properties": {
    "藥局名稱":"美迦藥局",
    "電話":"(02)29362815",
    "地址":"臺北市文山區保儀路23號"
    }
  },
  {
    "type": "Feature",
    "geometry": {
       "type": "Point",
       "coordinates":  [ 121.5696695,24.98682893 ]
    },
    "properties": {
    "藥局名稱":"振大藥局",
    "電話":"(02)29393385",
    "地址":"臺北市文山區永安街22巷16號"
    }
  },
  {
    "type": "Feature",
    "geometry": {
       "type": "Point",
       "coordinates":  [ 121.5660167,24.98291979 ]
    },
    "properties": {
    "藥局名稱":"躍獅奕新藥局",
    "電話":"(02)22340378",
    "地址":"臺北市文山區木新路2段275號"
    }
  },
  {
    "type": "Feature",
    "geometry": {
       "type": "Point",
       "coordinates":  [ 121.5686398,24.98871911 ]
    },
    "properties": {
    "藥局名稱":"宜康藥局",
    "電話":"(02)86619862",
    "地址":"臺北市文山區保儀路7號"
    }
  },
  {
    "type": "Feature",
    "geometry": {
       "type": "Point",
       "coordinates":  [ 121.541429,24.99125915 ]
    },
    "properties": {
    "藥局名稱":"欣安景美藥局",
    "電話":"(02)29350296",
    "地址":"臺北市文山區景文街77號"
    }
  },
  {
    "type": "Feature",
    "geometry": {
       "type": "Point",
       "coordinates":  [ 121.5641641,24.98235975 ]
    },
    "properties": {
    "藥局名稱":"北一藥師藥局",
    "電話":"(02)22348686",
    "地址":"臺北市文山區木新路三段47號"
    }
  },
  {
    "type": "Feature",
    "geometry": {
       "type": "Point",
       "coordinates":  [ 121.5379591,25.0020275 ]
    },
    "properties": {
    "藥局名稱":"萬隆大藥局",
    "電話":"(02)29334580",
    "地址":"臺北市文山區羅斯福路五段218巷15號"
    }
  },
  {
    "type": "Feature",
    "geometry": {
       "type": "Point",
       "coordinates":  [ 121.5706398,25.00139022 ]
    },
    "properties": {
    "藥局名稱":"杏一萬安藥局",
    "電話":"(02)22302126",
    "地址":"臺北市文山區萬安街15號"
    }
  },
  {
    "type": "Feature",
    "geometry": {
       "type": "Point",
       "coordinates":  [ 121.568102,24.998585 ]
    },
    "properties": {
    "藥局名稱":"躍獅永健藥局",
    "電話":"(02)22367821",
    "地址":"臺北市文山區木柵路1段144號(1樓)"
    }
  },
  {
    "type": "Feature",
    "geometry": {
       "type": "Point",
       "coordinates":  [ 121.555,25.000887 ]
    },
    "properties": {
    "藥局名稱":"大樹文山藥局",
    "電話":"(02)29342226",
    "地址":"臺北市文山區興隆路三段13號(1、2、3樓)"
    }
  },
  {
    "type": "Feature",
    "geometry": {
       "type": "Point",
       "coordinates":  [ 121.5528932,25.00020844 ]
    },
    "properties": {
    "藥局名稱":"123健康藥局",
    "電話":"(02)86632673",
    "地址":"臺北市文山區興隆路2段220巷31弄26號"
    }
  },
  {
    "type": "Feature",
    "geometry": {
       "type": "Point",
       "coordinates":  [ 121.5606765,24.98425916 ]
    },
    "properties": {
    "藥局名稱":"光明大藥局",
    "電話":"(02)29390275",
    "地址":"臺北市文山區忠順街一段66號"
    }
  },
  {
    "type": "Feature",
    "geometry": {
       "type": "Point",
       "coordinates":  [ 121.5504559,25.00345137 ]
    },
    "properties": {
    "藥局名稱":"福興藥局",
    "電話":"",
    "地址":"臺北市文山區福興路56號"
    }
  },
  {
    "type": "Feature",
    "geometry": {
       "type": "Point",
       "coordinates":  [ 121.5521798,25.00021633 ]
    },
    "properties": {
    "藥局名稱":"路加健康藥局",
    "電話":"(02)29302336",
    "地址":"臺北市文山區興隆路二段220巷39號"
    }
  },
  {
    "type": "Feature",
    "geometry": {
       "type": "Point",
       "coordinates":  [ 121.5387563,25.00197268 ]
    },
    "properties": {
    "藥局名稱":"逸全生活藥局",
    "電話":"(02)29326185",
    "地址":"臺北市文山區羅斯福路五段222號"
    }
  },
  {
    "type": "Feature",
    "geometry": {
       "type": "Point",
       "coordinates":  [ 121.5559184,25.0001532 ]
    },
    "properties": {
    "藥局名稱":"躍獅新芳藥局",
    "電話":"(02)29308172",
    "地址":"臺北市文山區興隆路三段16號(實際營業地址:1樓)"
    }
  },
  {
    "type": "Feature",
    "geometry": {
       "type": "Point",
       "coordinates":  [ 121.5583303,25.00030628 ]
    },
    "properties": {
    "藥局名稱":"綠杏萬芳藥局",
    "電話":"(02)29349516",
    "地址":"臺北市文山區興隆路三段111號"
    }
  },
  {
    "type": "Feature",
    "geometry": {
       "type": "Point",
       "coordinates":  [ 121.5694887,24.98756013 ]
    },
    "properties": {
    "藥局名稱":"躍獅木柵藥局",
    "電話":"(02)86617752",
    "地址":"臺北市文山區指南路一段28號"
    }
  },
  {
    "type": "Feature",
    "geometry": {
       "type": "Point",
       "coordinates":  [ 121.544818,24.99496272 ]
    },
    "properties": {
    "藥局名稱":"光點文山景華藥局",
    "電話":"(02)29335881",
    "地址":"臺北市文山區景興路109號1樓"
    }
  },
  {
    "type": "Feature",
    "geometry": {
       "type": "Point",
       "coordinates":  [ 121.5595358,24.98153257 ]
    },
    "properties": {
    "藥局名稱":"富康活力睦新藥局",
    "電話":"(02)29393666",
    "地址":"臺北市文山區木新路3段216號"
    }
  },
  {
    "type": "Feature",
    "geometry": {
       "type": "Point",
       "coordinates":  [ 121.5590155,24.99778685 ]
    },
    "properties": {
    "藥局名稱":"康宜庭興隆藥局",
    "電話":"(02)22304866",
    "地址":"臺北市文山區興隆路3段200號1樓"
    }
  },
  {
    "type": "Feature",
    "geometry": {
       "type": "Point",
       "coordinates":  [ 121.5675237,24.98344322 ]
    },
    "properties": {
    "藥局名稱":"大愛幸福藥局",
    "電話":"(02)29379977",
    "地址":"臺北市文山區木新路2段221號1樓"
    }
  },
  {
    "type": "Feature",
    "geometry": {
       "type": "Point",
       "coordinates":  [ 121.5759721,24.9880569 ]
    },
    "properties": {
    "藥局名稱":"晴天藥局",
    "電話":"(02)29363131",
    "地址":"臺北市文山區萬壽路15號(1樓)"
    }
  },
  {
    "type": "Feature",
    "geometry": {
       "type": "Point",
       "coordinates":  [ 121.5480562,25.00011325 ]
    },
    "properties": {
    "藥局名稱":"健康家藥局",
    "電話":"(02)29330858",
    "地址":"臺北市文山區興隆路2段133號1樓"
    }
  },
  {
    "type": "Feature",
    "geometry": {
       "type": "Point",
       "coordinates":  [ 121.5675943,24.9886582 ]
    },
    "properties": {
    "藥局名稱":"大樹木柵藥局",
    "電話":"(02)23331522",
    "地址":"臺北市文山區木柵路3段108號(1樓)及110號(1樓)"
    }
  },
  {
    "type": "Feature",
    "geometry": {
       "type": "Point",
       "coordinates":  [ 121.568102,24.998585 ]
    },
    "properties": {
    "藥局名稱":"富康活力睦柵藥局",
    "電話":"(02)29397392",
    "地址":"臺北市文山區指南路1段24號(1樓)"
    }
  },
  {
    "type": "Feature",
    "geometry": {
       "type": "Point",
       "coordinates":  [ 121.5598336,24.98139664 ]
    },
    "properties": {
    "藥局名稱":"木新健康人生藥局",
    "電話":"(02)86611465",
    "地址":"臺北市文山區木新路3段203號1樓"
    }
  },
  {
    "type": "Feature",
    "geometry": {
       "type": "Point",
       "coordinates":  [ 121.5572612,24.99932132 ]
    },
    "properties": {
    "藥局名稱":"健康人生藥局",
    "電話":"(02)29347813",
    "地址":"臺北市文山區興隆路3段106號1樓"
    }
  },
  {
    "type": "Feature",
    "geometry": {
       "type": "Point",
       "coordinates":  [ 121.5404317,24.9924495 ]
    },
    "properties": {
    "藥局名稱":"大樹景美藥局",
    "電話":"(02)29322951",
    "地址":"臺北市文山區羅斯福路6段234號(1樓)、234之1號1樓"
    }
  },
  {
    "type": "Feature",
    "geometry": {
       "type": "Point",
       "coordinates":  [ 121.5624804,24.98285038 ]
    },
    "properties": {
    "藥局名稱":"歆鈺藥局",
    "電話":"(02)29381181",
    "地址":"臺北市文山區興隆路4段209號1樓"
    }
  },
  {
    "type": "Feature",
    "geometry": {
       "type": "Point",
       "coordinates":  [ 121.567794,24.988685 ]
    },
    "properties": {
    "藥局名稱":"杏一木柵藥局",
    "電話":"(02)29371839",
    "地址":"臺北市文山區木柵路3段116號(1樓)"
    }
  },
  {
    "type": "Feature",
    "geometry": {
       "type": "Point",
       "coordinates":  [ 121.5452088,24.99526084 ]
    },
    "properties": {
    "藥局名稱":"富康活力景驊藥局",
    "電話":"(02)29335288",
    "地址":"臺北市文山區景華街73號1樓"
    }
  },
  {
    "type": "Feature",
    "geometry": {
       "type": "Point",
       "coordinates":  [ 121.574218,24.9878369 ]
    },
    "properties": {
    "藥局名稱":"專品政大藥局",
    "電話":"(02)22343010",
    "地址":"臺北市文山區指南路2段8號(1樓)"
    }
  },
  {
    "type": "Feature",
    "geometry": {
       "type": "Point",
       "coordinates":  [ 121.5562573,24.9804175 ]
    },
    "properties": {
    "藥局名稱":"柒品藥局",
    "電話":"(02)86610666",
    "地址":"臺北市文山區木新路3段333號(1樓)、335號(1樓)"
    }
  },
  {
    "type": "Feature",
    "geometry": {
       "type": "Point",
       "coordinates":  [ 121.5501114,25.00110021 ]
    },
    "properties": {
    "藥局名稱":"大心藥局",
    "電話":"",
    "地址":"臺北市文山區興隆路2段215號1樓"
    }
  }
]
}